日期,時間,產品ID,產品名稱,目前價格
2026-08-14,17:21,3,華碩 PRO WS W680-ACE(ATX/1A1H1P/雙Intel 2.5Gb/註四年) 穩定.可靠性高,9990
2026-08-14,17:21,4,華碩 PRO WS W680-ACE IPMI(ATX/1A1H1P/雙Intel 2.5Gb/註四年)附華碩IPMI擴展卡,13990
2026-08-14,17:21,7,華碩 Pro WS W790-ACE(CEB/8*DDR5/Marvell 10Gb+Intel 2.5Gb/註四年)IPMI遠程管理,27990
2026-08-14,17:21,8,華碩 Pro WS W790E-SAGE SE(EEB/8*DDR5/2*Intel 10G+LAN 1Gb)14+1+1功率級,39990
2026-08-14,17:21,10,華碩 Pro WS W890-SAGE(CEB/LAN 10Gb+Intel 2.5Gb/註四年)12+2+2+1+2 相 *客訂,29990
2026-08-14,17:21,11,華碩 Pro WS W890E-SAGE SE(EEB/2*Intel 10G+LAN 1Gb/註四年)16+2+2+1+2 相供電,39990
2026-08-14,17:21,14,華碩 PRIME H610I-PLUS-CSM(DDR5)(Mini-ITX/Intel 1Gb/註四年)5+1+1相供電,3590
2026-08-14,17:21,15,華碩 PRIME H610M-E-CSM(DDR5)(M-ATX/LAN 1Gb/註冊四年/2DIMM),2490
2026-08-14,17:21,16,華碩 PRIME H610M-F(DDR5)(M-ATX/LAN 1Gb/註冊四年/2DIMM),2690
2026-08-14,17:21,17,[裝機價] 華碩 PRIME H610M-F(DDR5)(M-ATX/LAN 1Gb/註冊四年/2DIMM),1990
2026-08-14,17:21,18,華碩 PRIME H610M-K-CSM(DDR5)(M-ATX/LAN 1Gb/註冊四年/2DIMM),2990
2026-08-14,17:21,19,[裝機價] 華碩 PRIME H610M-K-CSM(DDR5)(M-ATX/LAN 1Gb/註冊四年/2DIMM),2290
2026-08-14,17:21,20,微星 PRO H610M-S(DDR5)(M-ATX/LAN 1Gb/註冊四年/2DIMM),2090
2026-08-14,17:21,21,微星 PRO H610M-E(M-ATX/LAN 1Gb/註四年/2DIMM)6+1+1 相電源,2290
2026-08-14,17:21,22,華擎 H610M-H2/M.2 D5(M-ATX/LAN 1Gb/註四年/2DIMM)3+1+1 相電源,1990
2026-08-14,17:21,25,華碩 PRIME H610M-F D4 R2.0-CSM(M-ATX/LAN 1Gb/註冊四年/2DIMM)5相供電,2690
2026-08-14,17:21,26,[裝機價] 華碩 PRIME H610M-F D4 R2.0-CSM(M-ATX/LAN 1Gb/註冊四年/2DIMM)5相,2090
2026-08-14,17:21,27,華碩 PRIME H610M-K D4-CSM(M-ATX/1A1H/LAN 1Gb/註冊四年/2DIMM)6+1+1相,2890
2026-08-14,17:21,28,[裝機價] 華碩 PRIME H610M-K D4-CSM(M-ATX/1A1H/R 1Gb/2DIMM)6+1+1相,2290
2026-08-14,17:21,29,華碩 PRIME H610I-PLUS D4-CSM(Mini-ITX/1A1H1P/LAN 1Gb/2DIMM)5+1+1相,3490
2026-08-14,17:21,30,技嘉 H610M K DDR4(M-ATX/1H/LAN 1Gb/註四年/2DIMM)5相供電-[裝機價],1990
2026-08-14,17:21,31,技嘉 H610M H V2 DDR4(M-ATX/1A1H/LAN 1Gb/註四年/2DIMM)6+1+1 相電源,2690
2026-08-14,17:21,32,技嘉 H610M S2H V2 DDR4(M-ATX/LAN 1Gb/註四年/2DIMM)6+1+1 相電源,2790
2026-08-14,17:21,33,微星 PRO H610M-S DDR4(M-ATX/1H/LAN 1Gb/註四年/2DIMM) 5相電源,1990
2026-08-14,17:21,34,微星 PRO H610M-E DDR4(M-ATX/LAN 1Gb/註四年/2DIMM)6+1+1 相電源,2290
2026-08-14,17:21,35,華擎 H610M-H2/M.2(M-ATX/LAN 1Gb/四年保)3+1+1 相電源,1990
2026-08-14,17:21,36,華擎 H610M COMBO II(M-ATX/支援D4&D5記憶體/LAN 1Gb/三年保)6+1+1 相電源,2290
2026-08-14,17:21,39,華碩 PRIME B760M-F D4-CSM(M-ATX/LAN 1Gb/註四年/2DIMM)8相,2890
2026-08-14,17:21,40,[裝機價] 華碩 PRIME B760M-F D4-CSM(M-ATX/LAN 1Gb/註四年/2DIMM)8相,2690
2026-08-14,17:21,41,華碩 PRIME B760M-K D4-CSM(M-ATX/LAN 2.5Gb/註四年/2DIMM)8相,2990
2026-08-14,17:21,42,華碩 PRIME B760M-A D4-CSM(M-ATX/LAN 2.5Gb/註冊四年)8相供電,3190
2026-08-14,17:21,43,華碩 PRIME B760M-A WIFI D4-CSM(M-ATX/LAN 2.5Gb+無線/註四年)10相,3990
2026-08-14,17:21,44,華碩 B760M-AYW WIFI D4 阿唷喂(M-ATX/LAN 2.5Gb+無線/註冊四年/2DIMM)8相,3490
2026-08-14,17:21,45,華碩 TUF GAMING B760M-E D4(M-ATX/LAN2.5Gb/註五年)10+1相電源 *優惠到8/31,3990
2026-08-14,17:21,46,華碩 TUF GAMING B760M-PLUS WIFI D4(M-ATX/LAN 2.5Gb+無線/註五年)12+1相,4990
2026-08-14,17:21,47,華碩 TUF GAMING B760-PLUS WIFI D4(ATX/LAN 2.5Gb+無線/註五年)12+1相,5490
2026-08-14,17:21,48,技嘉 B760M K V2 DDR4(M-ATX/LAN 1Gb/註冊四年保/2DIMM)4+1+1相 *優惠到8/31,2790
2026-08-14,17:21,49,技嘉 B760M D DDR4(M-ATX/LAN 1Gb/註冊四年保/2DIMM)6+1+1相供電-尾盤,2790
2026-08-14,17:21,50,技嘉 B760M H DDR4(M-ATX/LAN 1Gb/註冊四年保/2DIMM)6+1+1相供電,2990
2026-08-14,17:21,51,[任搭U] 技嘉 B760M H DDR4(M-ATX/LAN 1Gb/註冊四年保/2DIMM)6+1+1相供電,2690
2026-08-14,17:21,52,技嘉 B760M GAMING PLUS WIFI DDR4(M-ATX/LAN 2.5Gb+無線/註冊五年保)4+1+1相供電,3790
2026-08-14,17:21,53,微星 PRO B760M-E DDR4(M-ATX/LAN 1Gb/註冊四年/2DIMM)6+1+1相供電,2590
2026-08-14,17:21,54,微星 PRO B760M-B DDR4(M-ATX/LAN 2.5Gb/註冊四年/2DIMM)6+1相供電,2790
2026-08-14,17:21,55,微星 PRO B760M-P DDR4(M-ATX/LAN 1Gb/註冊四年/4DIMM)8相供電,2990
2026-08-14,17:21,56,微星 B760M BOMBER DDR4(M-ATX/LAN 2.5Gb/註四年/2DIMM)8相供電,2790
2026-08-14,17:21,57,微星 B760M BOMBER WIFI DDR4(M-ATX/LAN 2.5Gb+無線/註四年/2DIMM)6+1+1相,3190
2026-08-14,17:21,58,華擎 B760M-HDV/M.2 D4(M-ATX/LAN 1Gb/註冊四年)5+1+1相,2390
2026-08-14,17:21,61,華碩 B760M-AYW WIFI 阿唷喂(M-ATX/LAN 2.5Gb+無線/註四年/2DIMM)8相,3090
2026-08-14,17:21,62,華碩 PRIME B760M-F-CSM(M-ATX/LAN 1Gb/註四年/2DIMM)8相,2990
2026-08-14,17:21,63,[裝機價]華碩 PRIME B760M-F-CSM(M-ATX/LAN 1Gb/註四年/2DIMM)8相,2590
2026-08-14,17:21,64,華碩 PRIME B760M-K-CSM(M-ATX/LAN 2.5Gb/註四年/2DIMM)8相,2990
2026-08-14,17:21,65,華碩 PRIME B760M-A-CSM(M-ATX/LAN 2.5Gb/註冊四年)8相供電,3190
2026-08-14,17:21,66,華碩 PRIME B760M-A WIFI-CSM(M-ATX/LAN 2.5Gb+無線/註四年)10相,3990
2026-08-14,17:21,67,華碩 TUF GAMING B760M-PLUS WIFI II(M-ATX/LAN 2.5Gb+無線)12+1相,4490
2026-08-14,17:21,68,華碩 TUF GAMING B760-PLUS WIFI(ATX/LAN 2.5Gb+無線/註五年)12+1相,4590
2026-08-14,17:21,69,華碩 ROG STRIX B760-A GAMING WIFI(ATX/Intel 2.5Gb+無線/註五年)12+1相*優惠中,4990
2026-08-14,17:21,70,技嘉 B760M E(M-ATX/GbE LAN/註冊四年保/2DIMM)6+1+1相,2990
2026-08-14,17:21,71,技嘉 B760M H V2(M-ATX/LAN 1Gb/註四年/2DIMM)5+1+1相 *任搭優惠到 8/31,2990
2026-08-14,17:21,72,技嘉 B760M DS3H GEN5(M-ATX/LAN 2.5Gb/註冊四年保)6+2+1相,3990
2026-08-14,17:21,73,技嘉 B760M DS3H WIFI6E GEN5(M-ATX/LAN 2.5Gb+無線/註冊四年保)6+2+1相,4490
2026-08-14,17:21,74,技嘉 B760M DS3H AX(M-ATX/LAN 2.5Gb+無線/註冊四年保)6+2相,4490
2026-08-14,17:21,75,[任搭U]技嘉 B760M DS3H AX(M-ATX/LAN 2.5Gb+無線/註冊四年保)6+2相,3990
2026-08-14,17:21,76,技嘉 B760M GAMING WIFI6 PLUS GEN5(M-ATX/LAN 2.5Gb+無線/註五年)6+2+1相,3790
2026-08-14,17:21,77,技嘉 B760M GAMING X WIFI6E GEN5(M-ATX/LAN 2.5Gb+無線/註五年)8+1+1相電源,4990
2026-08-14,17:21,78,技嘉 B760M AORUS ELITE AX(M-ATX/LAN 2.5Gb+無線/註冊五年保)12+1+1相,5290
2026-08-14,17:21,79,技嘉 B760M AORUS ELITE WIFI6E-P GEN5雕妹(M-ATX/LAN 2.5Gb+無線)12+1+1相,5990
2026-08-14,17:21,80,微星 PRO B760M-E(M-ATX/LAN 1Gb/註冊四年/2DIMM)6+1+1相供電,2590
2026-08-14,17:21,81,微星 PRO B760M-B(M-ATX/LAN 2.5Gb/註冊四年/2DIMM)6+1相供電,2790
2026-08-14,17:21,82,微星 PRO B760M-P(M-ATX/LAN 1Gb/註冊四年/4DIMM))8相供電,3090
2026-08-14,17:21,83,微星 PRO B760M-A WIFI(M-ATX/LAN 2.5Gb+無線/註冊四年)14相供電,3890
2026-08-14,17:21,84,微星 B760M BOMBER(M-ATX/LAN 2.5Gb/註四年/2DIMM)8相供電,2790
2026-08-14,17:21,85,微星 B760M BOMBER WIFI(M-ATX/LAN 2.5Gb+無線/註四年/2DIMM)6+1+1相,3190
2026-08-14,17:21,86,微星 B760M GAMING WIFI(M-ATX/LAN 2.5Gb+無線/註五年/2DIMM)6+1相,3690
2026-08-14,17:21,87,微星 B760M GAMING PLUS WIFI(M-ATX/LAN 2.5Gb+無線/註五年)12+1+1相,4090
2026-08-14,17:21,88,微星 B760 GAMING PLUS WIFI(ATX/LAN 2.5Gb+無線/註五年)12+1+1相,4290
2026-08-14,17:21,89,華擎 B760M-HDV/M.2(M-ATX/LAN 2.5Gb/註冊四年)7+1+1相,2390
2026-08-14,17:21,90,華擎 B760M PG LIGHTNING(M-ATX/LAN 2.5Gb/註冊五年)7+1+1 相供電,3890
2026-08-14,17:21,91,華擎 B760M Steel Legend WiFi(M-ATX/LAN 2.5Gb+無線)12+1+1相.支援eDP,4190
2026-08-14,17:21,94,華碩 PRIME Z790-P D4-CSM(ATX/LAN2.5Gb/註冊四年)14+1相電源,6490
2026-08-14,17:21,97,華碩 PRIME Z790-A WIFI-CSM(ATX/Intel 2.5Gb+無線/註冊四年)16+1相,6490
2026-08-14,17:21,98,華碩 PRIME Z790-P WIFI-CSM(ATX/LAN2.5Gb+無線/註冊四年)14+1相電源,6490
2026-08-14,17:21,99,微星 PRO Z790-P WIFI(ATX/Intel 2.5Gb+無線/註冊四年)14+1+1相電源,5290
2026-08-14,17:21,101,華碩 PRIME H810M-K-CSM(M-ATX/LAN 1Gb/註四年/2DIMM)6+1+1+1相供電,2990
2026-08-14,17:21,102,華碩 PRIME H810M-E-CSM(M-ATX/LAN 1Gb/註四年/2DIMM)6+1+1+1相供電,3190
2026-08-14,17:21,103,技嘉 H810M K GEN5(M-ATX/LAN 1Gb/註四年/2DIMM)3+1+2 相供電,2990
2026-08-14,17:21,104,技嘉 H810M H(M-ATX/LAN 1Gb/註四年/2DIMM)4+1+2 相供電,3190
2026-08-14,17:21,105,技嘉 H810M H GEN5(M-ATX/LAN 1Gb/註四年/2DIMM)4+1+2 相供電,3190
2026-08-14,17:21,106,微星 PRO H810M-E(M-ATX/LAN 2.5Gb/註四年/2DIMM)4+1+1+1相供電,2790
2026-08-14,17:21,107,微星 PRO H810M-B(M-ATX/LAN 2.5Gb/註四年/2DIMM)6+1+1+1相供電,3490
2026-08-14,17:21,108,微星 PRO H810M-B WIFI6E(M-ATX/LAN 2.5Gb+無線/註四年/2DIMM)6+1+1+1相供電,3690
2026-08-14,17:21,109,華擎 H810M-H(M-ATX/LAN 1Gb/註四年/2DIMM)6+1+1+1+1 相供電,2290
2026-08-14,17:21,110,華擎 H810M-X WIFI(M-ATX/LAN2.5Gb+無線/註四年/2DIMM)6+1+1+1+1 相供電,2990
2026-08-14,17:21,113,華碩 B860M-E-CSM(M-ATX/LAN2.5Gb/註四年/2DIMM)6+1+1+1相,3490
2026-08-14,17:21,114,[裝機價] 華碩 B860M-E-CSM(M-ATX/LAN2.5Gb/註四年/2DIMM)6+1+1+1相 *8/31止,3190
2026-08-14,17:21,115,華碩 B860M AYW GAMING WIFI(M-ATX/LAN2.5Gb+無線/註五年/2DIMM)獨家.6+1+1+1相,3990
2026-08-14,17:21,116,華碩 PRIME B860M-K-CSM(M-ATX/LAN2.5Gb/註四年/2DIMM)6+1+1+1相 *8/31止,3590
2026-08-14,17:21,117,華碩 PRIME B860M-A-CSM(M-ATX/LAN2.5Gb/註四年)7+1+1+1相 *8/31止,3990
2026-08-14,17:21,118,華碩 PRIME B860M-A WIFI-CSM(M-ATX/LAN2.5Gb+無線/註四年)7+1+1+1相,5190
2026-08-14,17:21,119,[任搭U] 華碩 PRIME B860M-A WIFI-CSM(M-ATX/LAN2.5Gb+無線/註四年)7+1+1+1相,4790
2026-08-14,17:21,120,華碩 B860M MAX GAMING AX(M-ATX/LAN2.5Gb+無線/註五年)6+1+1+1相.越南製,5090
2026-08-14,17:21,121,[任搭U] 華碩 B860M MAX GAMING AX(M-ATX/LAN2.5Gb+無線/註五年)6+1+1+1相,4590
2026-08-14,17:21,122,華碩 TUF GAMING B860M-PLUS WIFI(M-ATX/LAN2.5Gb+Wi-Fi 7/註五年)12+1+2+1相,6490
2026-08-14,17:21,123,[任搭U] 華碩 TUF GAMING B860M-PLUS WIFI(M-ATX/LAN2.5Gb+Wi-Fi 7)12+1+2+1相,5990
2026-08-14,17:21,124,華碩 TUF GAMING B860-PLUS WIFI(ATX/LAN2.5Gb+Wi-Fi 7/註五年)12+1+2+1相,6790
2026-08-14,17:21,125,[任搭U] 華碩 TUF GAMING B860-PLUS WIFI(ATX/LAN2.5Gb+Wi-Fi 7)12+1+2+1相,6290
2026-08-14,17:21,126,華碩 ROG STRIX B860-G GAMING WIFI(M-ATX/Intel 2.5Gb+Wi-Fi 7)14+1+2+1相 [放暑假],6490
2026-08-14,17:21,127,華碩 ROG STRIX B860-A GAMING WIFI(ATX/Intel 2.5Gb+Wi-Fi 7/註五年)14+1+2+1相,7190
2026-08-14,17:21,128,華碩 ROG STRIX B860-A GAMING WIFI S(吹雪)(ATX/Intel 2.5Gb+Wi-Fi 7)14+1+2+1相,7690
2026-08-14,17:21,129,[任搭U]華碩 ROG STRIX B860-A GAMING WIFI S(吹雪)(Intel 2.5Gb+Wi-Fi 7)14+1+2+1相,6990
2026-08-14,17:21,130,華碩 ROG STRIX B860-F GAMING WIFI(ATX/Intel 2.5Gb+Wi-Fi 7)16+1+2+1相 [放暑假],7990
2026-08-14,17:21,131,技嘉 B860M H(M-ATX/LAN 2.5Gb/註四年/2DIMM)4+1+2相,3490
2026-08-14,17:21,132,技嘉 B860M EAGLE V2(M-ATX/LAN 2.5Gb/註四年/2DIMM)6+1+2相 *任搭到8/31,3990
2026-08-14,17:21,133,技嘉 B860M GAMING WIFI6(M-ATX/LAN2.5G+無線/註五年)8+1+2相 *任搭到8/31,4690
2026-08-14,17:21,134,技嘉 B860M GAMING X WIFI6E(M-ATX/LAN2.5G+無線/註五年)8+1+2相 *任搭到8/31,5290
2026-08-14,17:21,135,技嘉 B860M AORUS ELITE WIFI6E(M-ATX/LAN2.5G+無線/註五年)12+1+2相*獨家,6490
2026-08-14,17:21,136,技嘉 B860M AORUS ELITE WIFI6E ICE(冰魄白)(M-ATX/LAN2.5G+無線)12+1+2相*獨家,6490
2026-08-14,17:21,137,技嘉 B860 EAGLE WIFI6E(ATX/LAN2.5G+無線/註四年)12+1+2相 *任搭到8/31,5990
2026-08-14,17:21,138,技嘉 B860 GAMING X WIFI6E(ATX/LAN2.5G+無線/註五年)12+1+2相 *任搭到8/31,6490
2026-08-14,17:21,139,技嘉 B860 AORUS ELITE WIFI7 ICE(ATX/LAN2.5G+Wi-Fi 7/註五年)12+1+2相,7490
2026-08-14,17:21,140,微星 MPG B860I EDGE TI WIFI(Mini-ITX/Intel 5G+Wi-Fi 7/註五年)8+1+1+1相,5990
2026-08-14,17:21,141,微星 PRO B860M-E(M-ATX/LAN 5G/註四年/2DIMM)6+1+1+1相供電,3490
2026-08-14,17:21,142,微星 PRO B860M-X(M-ATX/LAN 5G/註四年/2DIMM)8+2+1相.獨家,3790
2026-08-14,17:21,143,微星 PRO B860M-B(M-ATX/LAN 5G/註四年/2DIMM)6+1+1+1相 *尾盤,3690
2026-08-14,17:21,144,微星 PRO B860M-B WIFI(M-ATX/LAN 5G+Wi-Fi 7/註四年/2DIMM)6+1+1+1相,4290
2026-08-14,17:21,145,微星 B860M GAMING WIFI(M-ATX/LAN 2.5G+Wi-Fi 7/註五年)8+1+1+1相,4590
2026-08-14,17:21,146,微星 B860M GAMING PLUS WIFI(M-ATX/Intel 5G+Wi-Fi 7/註五年)12+1+1+1相,5690
2026-08-14,17:21,147,微星 MAG B860M MORTAR WIFI(M-ATX/Intel 5G+Wi-Fi 7/註五年)12+1+1+1相,6490
2026-08-14,17:21,148,微星 PRO B860-P(ATX/LAN 5G/註冊四年保)12+1+1+1相電源設計,4890
2026-08-14,17:21,149,微星 PRO B860-P WIFI(ATX/LAN 5G/註冊四年保)12+1+1+1相電源設計,5390
2026-08-14,17:21,150,微星 B860 GAMING PLUS WIFI(ATX/Intel 5G+Wi-Fi 7/註五年)12+1+1+1相,6390
2026-08-14,17:21,151,微星 MAG B860 TOMAHAWK WIFI(ATX/Intel 5G+Wi-Fi 7/註五年)12+1+1+1相,6890
2026-08-14,17:21,152,華擎 B860I WiFi(Mini-ITX/LAN2.5G+無線/註五年)8+1+1相供電,4990
2026-08-14,17:21,153,華擎 B860M-H2(M-ATX/LAN 1G/註四年/2DIMM)5+1+1+1+1 相供電,2990
2026-08-14,17:21,154,華擎 B860M Rock WiFi(M-ATX/LAN2.5G+無線/註五年/2DIMM)5+1+1+1+1 相供電,4190
2026-08-14,17:21,155,華擎 B860M LiveMixer WiFi(M-ATX/LAN2.5G+無線/註五年)10+1+1+1相,4690
2026-08-14,17:21,156,華擎 B860M-X WiFi(M-ATX/LAN2.5G+無線/註五年/2DIMM)7+1+1+1+1 相供電,4990
2026-08-14,17:21,157,華擎 B860M Pro RS WiFi(M-ATX/LAN2.5G+無線/註五年)10+1+1+1+1 相供電,5990
2026-08-14,17:21,158,華擎 B860M Steel Legend WiFi(M-ATX/LAN2.5G+無線/註五年)12+1+1+1相,5490
2026-08-14,17:21,159,華擎 B860 Rock WiFi 7(ATX/LAN2.5G+Wi-Fi7/註五年)8+1+1+1+1 相供電,4390
2026-08-14,17:21,160,華擎 B860 Steel Legend WiFi(ATX/LAN2.5G+無線/註五年)14+1+1+1相,8290
2026-08-14,17:21,163,華碩 Z890 MAX GAMING WIFI7(ATX/LAN2.5Gb+Wi-Fi 7)12+1+2+1相電源,6490
2026-08-14,17:21,164,華碩 PRIME Z890-P WIFI-CSM(ATX/LAN2.5Gb+Wi-Fi 7/註冊四年)14+1+2相電源,8490
2026-08-14,17:21,165,[任搭U] 華碩 PRIME Z890-P WIFI-CSM(ATX/LAN2.5Gb+Wi-Fi 7)14+1+2相電源,6990
2026-08-14,17:21,166,華碩 Z890 AYW GAMING WIFI W(ATX/LAN 2.5Gb+無線/註五年/白色)12+1+2相.獨家,8990
2026-08-14,17:21,167,華碩 TUF GAMING Z890-PRO WIFI(ATX/Intel 2.5Gb+Wi-Fi 7/註五年/銀白版)16+1+2相,10990
2026-08-14,17:21,168,[任搭U] 華碩 TUF GAMING Z890-PRO WIFI(ATX/Intel 2.5Gb+Wi-Fi 7銀白版)16+1+2相,9590
2026-08-14,17:21,169,華碩 ROG STRIX Z890-A GAMING WIFI(ATX/Intel 2.5Gb+Wi-Fi 7/銀白版)16+1+2相,12990
2026-08-14,17:21,170,華碩 ROG STRIX Z890-F GAMING WIFI(ATX/Intel 2.5Gb+Wi-Fi 7)16+1+2相,14000
2026-08-14,17:21,171,華碩 ProArt Z890-CREATOR WIFI(ATX/Marvell10G+Intel 2.5G+Wi-Fi 7)16+1+2相,14990
2026-08-14,17:21,173,華碩 ROG MAXIMUS Z890 HERO(ATX/LAN 5Gb+Intel 2.5G+Wi-Fi 7)22+1+2+2相,20990
2026-08-14,17:21,174,技嘉 Z890I AORUS ULTRA(Mini-ITX/LAN 2.5G+Wi-Fi 7+註冊五年)8+1+2相,11990
2026-08-14,17:21,175,技嘉 Z890M GAMING X(M-ATX/LAN2.5Gb/註冊五年)8+1+2相 *任搭至8/31止,6890
2026-08-14,17:21,176,技嘉 Z890M FORCE DUO X WIFI7(M-ATX/LAN 5Gb+Wi-Fi 7/註五年)12+1+2相電源,7990
2026-08-14,17:21,177,技嘉 Z890 UD WIFI6E(ATX/LAN2.5Gb+無線/註冊四年)14+1+2相,6990
2026-08-14,17:21,178,技嘉 Z890 EAGLE WIFI7(ATX/LAN2.5Gb+Wi-Fi 7/註冊四年)14+1+2相電源 *售完為止,7990
2026-08-14,17:21,179,技嘉 Z890 EAGLE WIFI7 PLUS(ATX/LAN2.5Gb+Wi-Fi 7/註冊四年)14+1+2相電源,8290
2026-08-14,17:21,180,技嘉 Z890 GAMING X WIFI7(ATX/LAN2.5Gb+Wi-Fi 7/註冊五年)16+1+2相電源,9290
2026-08-14,17:21,181,技嘉 Z890 AORUS ELITE WIFI7(ATX/LAN2.5Gb+Wi-Fi 7/註冊五年)16+1+2相電源,9990
2026-08-14,17:21,182,技嘉 Z890 AORUS ELITE WIFI7 PLUS(ATX/LAN 5Gb+Intel 2.5G+Wi-Fi 7/註五年)16+1+2相,9990
2026-08-14,17:21,183,技嘉 Z890 AORUS ELITE WIFI7 ICE 冰魄白(ATX/LAN2.5Gb+Wi-Fi 7)16+1+2相-獨家,9490
2026-08-14,17:21,184,技嘉 Z890 AORUS ELITE DUO X(ATX/LAN 5Gb+Wi-Fi 7/註五年/2DIMM)16+1+2相.XMP Booster,11490
2026-08-14,17:21,185,技嘉 Z890 AORUS PRO ICE 冰魄白(ATX/LAN 5Gb+Wi-Fi 7/註五年)16+1+2相電源,12990
2026-08-14,17:21,186,技嘉 Z890 AERO G(ATX/2*Intel 2.5Gb+Wi-Fi 7/註冊五年)16+1+2相電源 *任搭至8/31止,12990
2026-08-14,17:21,187,技嘉 Z890 AORUS MASTER(ATX/Marvell 10Gb+Wi-Fi 7/註五年)18+1+2相電源,17990
2026-08-14,17:21,188,技嘉 Z890 AORUS XTREME AI TOP(E-ATX/2*Marvell 10Gb+Wi-Fi 7)22+1+2相*8/31止,33900
2026-08-14,17:21,190,微星 MPG Z890I EDGE TI WIFI(Mini-ITX/Killer 5Gb+Wi-Fi 7/註冊五年)10+1+1+1相電源,10990
2026-08-14,17:21,191,[32G精省6666專案]微星 Z890I EDGE TI WIFI+威剛 單條32GB D5-5600/CL46(現省5900),17656
2026-08-14,17:21,192,微星 PRO Z890-S WIFI(ATX/LAN 2.5Gb+Wi-Fi 7/註冊四年)12+1+1+1相,6990
2026-08-14,17:21,193,微星 PRO Z890-S WIFI WHITE(ATX/LAN 2.5Gb+Wi-Fi 7/雪白版)12+1+1+1相,6990
2026-08-14,17:21,194,微星 PRO Z890-S WIFI PZ 背插(ATX/LAN 2.5Gb+Wi-Fi 7/銀)12+1+1+1相,7590
2026-08-14,17:21,195,微星 PRO Z890-P WIFI(ATX/LAN 5Gb+Wi-Fi 7/註冊四年)14+1+1+1相電源,7990
2026-08-14,17:21,196,微星 PRO Z890-A WIFI(ATX/LAN 5Gb+Wi-Fi 7/註冊四年)16+1+1+1相電源,8490
2026-08-14,17:21,197,微星 Z890 GAMING PLUS WIFI(ATX/Killer 5Gb+Wi-Fi 7/註冊五年)14+1+1+1相,8990
2026-08-14,17:21,198,微星 MAG Z890 TOMAHAWK WIFI(ATX/Killer 5Gb+Wi-Fi 7)16+1+1+1相*獨家,9990
2026-08-14,17:21,199,微星 MPG Z890 EDGE TI WIFI(ATX/Killer 5Gb+Wi-Fi 7/註冊五年)16+1+1+1相電源,12490
2026-08-14,17:21,200,微星 MPG Z890 CARBON WIFI(ATX/Killer5Gb+Intel2.5Gb+Wi-Fi 7/註五年)20+1+1+1相,14690
2026-08-14,17:21,201,微星 MEG Z890 UNIFY-X(ATX/Killer5Gb+Wi-Fi 7/註五年)20+2+1+1相,17690
2026-08-14,17:21,202,微星 MEG Z890 ACE(ATX/Marvell 10Gb+Wi-Fi 7/註五年)24+2+1+1相,18990
2026-08-14,17:21,203,微星 MEG Z890 GODLIKE(E-ATX/Marvell 10Gb+Killer 5Gb+Wi-Fi 7/註冊五年),34900
2026-08-14,17:21,205,華擎 Z890I Nova WiFi(Mini-ITX/LAN 5Gb+Wi-Fi 7/註五年)12+1+1+1+1 相,11890
2026-08-14,17:21,206,華擎 Z890M Riptide WiFi(M-ATX/Killer 2.5G+無線/註五年)16+1+1相,7990
2026-08-14,17:21,207,華擎 Z890 Pro-A WiFi(ATX/LAN 2.5Gb+無線/註冊五年保)16+1+1相電源,5990
2026-08-14,17:21,208,華擎 Z890 Pro RS WiFi White(ATX/LAN 2.5Gb+無線/註五年/銀白版)16+1+1相,6490
2026-08-14,17:21,209,華擎 Z890 Nova WiFi(ATX/LAN 5Gb+Killer 2.5Gb+Wi-Fi 7/註五年)20+1+2相,12990
2026-08-14,17:21,210,華擎 Z890 Taichi Lite(ATX/LAN 5Gb+Dragon 2.5Gb+Wi-Fi 7/註五年)20+1+2相,13990
2026-08-14,17:21,211,華擎 Z890 Taichi(ATX/LAN 5Gb+Dragon 2.5Gb+Wi-Fi 7/註五年)20+1+2相,14990
2026-08-14,17:21,213,華碩 H81M-K(M-ATX/1A1D/U3/LAN 1Gb/註四年D-SUB+DVI輸出),2490
2026-08-14,17:21,216,華碩 H110M-K【單片盒裝】(M-ATX/1A1D/U3/LAN 1Gb/全固/註四年/D-SUB+DVI輸出),2790
2026-08-14,17:21,217,華碩 PRIME H310M-K(M-ATX/1A1D/LAN 1Gb/註四年D-SUB+DVI輸出),2790
2026-08-14,17:21,220,華碩 PRIME H510M-K(M-ATX/1A1H/Intel 1Gb/註四年/D-SUB+HDMI輸出),2790
2026-08-14,17:21,223,華碩 PRIME A520M-K/CSM(M-ATX/1A1H/LAN 1Gb/註四年/D-SUB+HDMI輸出)6相供電,2090
2026-08-14,17:21,224,技嘉 A520M K V2(M-ATX/1A1H/LAN 1Gb/註四年/2DIMM/D-SUB+HDMI輸出)6+1相數位供電,1990
2026-08-14,17:21,225,技嘉 A520M H ARGB(M-ATX/LAN 1Gb/註四年/2DIMM/HDMI+Display輸出)6+1相數位供電,1990
2026-08-14,17:21,226,微星 A520M-A PRO(M-ATX/1D1H/LAN 1Gb/註四年/2DIMM/DVI+HDMI輸出)6相供電,2090
2026-08-14,17:21,227,華擎 A520M-ITX/ac(mini-ITX/1H1P/LAN 1Gb/ac+BT/註四年/HDMI+Display輸出)8數位電源,3390
2026-08-14,17:21,228,華擎 A520M-HVS(M-ATX/1A1H/Realtek LAN/註四年/D-SUB+HDMI輸出)6相供電,1890
2026-08-14,17:21,231,華碩 PRIME B550M-K ARGB-CSM(M-ATX/LAN 1Gb/2DIMM/註四年)4+2相供電,2690
2026-08-14,17:21,232,[裝機價] 華碩 PRIME B550M-K ARGB-CSM(M-ATX/LAN 1Gb/2DIMM/註四年)4+2相供電,2490
2026-08-14,17:21,233,華碩 PRIME B550M-K/CSM(M-ATX/LAN 1Gb/註四年/4DIMM)4+2相供電,2790
2026-08-14,17:21,234,華碩 PRIME B550M-K WIFI(M-ATX/LAN 1Gb+Wi-Fi 6/註四年/2DIMM)4+2相供電,2890
2026-08-14,17:21,235,[合購優惠] 華碩 PRIME B550M-K WIFI + AMD R5 5600X MPK【6核/12緒】,7380
2026-08-14,17:21,236,華碩 TUF GAMING B550M-PLUS(M-ATX/1H1P/LAN 2.5G/註冊五年保)8+2相,3190
2026-08-14,17:21,237,華碩 TUF GAMING B550M-PLUS WIFI II(M-ATX/R 2.5G+Wi-Fi 6/註五年)8+2相,3590
2026-08-14,17:21,239,技嘉 B550M H ARGB(M-ATX/LAN 1Gb/註四年/2dimm)4+2相供電,2490
2026-08-14,17:21,240,技嘉 B550M K(M-ATX/1H1P/LAN 1Gb/註四年/4dimm)4+2相供電,2690
2026-08-14,17:21,241,技嘉 B550M GAMING X WIFI6(M-ATX/LAN 1Gb+無線/註五年) 5+3相電源,2990
2026-08-14,17:21,242,技嘉 B550M AORUS ELITE(M-ATX/1D1H/LAN 1Gb/註五年) 5+3相,2990
2026-08-14,17:21,243,微星 B550M-A PRO(M-ATX/1D1H/LAN 1Gb/註四年)4+2相供電*尾盤,2390
2026-08-14,17:21,244,微星 B550M PRO-VDH WIFI(M-ATX/Realtek LAN+ac/註四年)4+2+1相供電,3090
2026-08-14,17:21,245,微星 PRO B550M-B(M-ATX/LAN 1Gb/註四年)4+2相供電,3190
2026-08-14,17:21,246,華擎 B550M-ITX/ac(ITX/1H1P/LAN 1Gb/ac+BT/註四年) 8相供電,3990
2026-08-14,17:21,248,華擎 A620AI WiFi(mini-ITX/LAN 2.5G+無線/2DIMM/HDMI輸出)8+2+1 相供電,4790
2026-08-14,17:21,249,華擎 A620AM-HVS(M-ATX/LAN 1Gb/註四年/2DIMM/D-SUB+HDMI輸出)4+1+1 相供電,2590
2026-08-14,17:21,252,華碩 PRIME B650M-F-CSM(M-ATX/LAN 1G/註四年/2DIMM)9相,2990
2026-08-14,17:21,253,[裝機價] 華碩 PRIME B650M-F-CSM(M-ATX/LAN 1G/註四年/2DIMM)9相,2590
2026-08-14,17:21,254,華碩 PRIME B650M-R-CSM(M-ATX/Realtek 2.5G/註四年/2DIMM)8+1相電源,3090
2026-08-14,17:21,255,華碩 B650M-AYW WIFI(M-ATX/LAN 2.5G+無線/註五年/2DIMM)11相 *活動價至8/31,3490
2026-08-14,17:21,256,華碩 TUF GAMING B650M-E WIFI(M-ATX/LAN 2.5G+無線/註五年)8+2+1相 *至8/31,3990
2026-08-14,17:21,257,華碩 TUF GAMING B650M-PLUS(M-ATX/LAN 2.5G/註五年)12+2+2相電源 獨家支援,4090
2026-08-14,17:21,258,華碩 TUF GAMING B650M-PLUS WIFI(M-ATX/LAN 2.5G+無線/註五年)12+2+2相*至8/31,4390
2026-08-14,17:21,259,華碩 TUF GAMING B650-E WIFI(ATX/LAN 2.5G+無線/註五年)8+2+2相 *活動價至8/31,4490
2026-08-14,17:21,260,華碩 TUF GAMING B650-PLUS WIFI(ATX/LAN 2.5G+無線)12+2相電源 *活動價至8/31,4990
2026-08-14,17:21,261,華碩 ROG STRIX B650-A GAMING WIFI(ATX/Intel2.5G+無線)12+2+1相,5490
2026-08-14,17:21,263,技嘉 B650M H(M-ATX/LAN 1Gb/註冊四年/2DIMM)5+2+2相電源,2990
2026-08-14,17:21,264,技嘉 B650EM FORCE WIFI6E(M-ATX/LAN 2.5G+無線/註冊五年)8+2+2相電源,3990
2026-08-14,17:21,265,技嘉 B650E EAGLE WIFI6E(ATX/LAN 2.5G+無線/註四年)8+2+2相 *搭優惠到8/31,4990
2026-08-14,17:21,266,微星 MPG B650I EDGE WIFI(Mini-ITX/LAN 2.5G+無線/註五年)8+2+1相,4990
2026-08-14,17:21,267,微星 PRO B650M-B(M-ATX/LAN 2.5G/註四年/2DIMM)6+2+1相電源,2590
2026-08-14,17:21,268,微星 B650M BOMBER WIFI(M-ATX/R2.5G+無線/註五年/2DIMM)6+2+1相電源,3490
2026-08-14,17:21,269,微星 B650M GAMING WIFI(M-ATX/R2.5G+無線/註五年/2DIMM)6+2+1相,3690
2026-08-14,17:21,270,微星 B650M GAMING PLUS WIFI(M-ATX/LAN 2.5G+無線/註五年)10+2+1相,4290
2026-08-14,17:21,271,華擎 B650M-H/M.2+(M-ATX/LAN 1G+無線/註四年/2DIMM)6+1+1相,2790
2026-08-14,17:21,272,華擎 B650M-HDV/M.2 White(M-ATX/LAN 2.5G/註冊四年保/白)8+2+1 相供電,3190
2026-08-14,17:21,273,華擎 B650M Pro RS(M-ATX/LAN 2.5G/註冊四年保)8+2+1 相供電,3390
2026-08-14,17:21,274,華擎 B650M PG Lightning WiFi(M-ATX/LAN 2.5G+無線/註四年)6+2+1 相供電,3690
2026-08-14,17:21,275,華擎 B650M Pro X3D WIFI(M-ATX/LAN 2.5G+無線/註五年)8+2+1 相供電,4290
2026-08-14,17:21,277,華碩 PRIME B840M-A-CSM(M-ATX/LAN2.5G/註冊四年保)8+2+1相供電,3390
2026-08-14,17:21,279,技嘉 B840M H(M-ATX/LAN 1G/註四年/2DIMM)5+2+2相供電 *任搭優惠到 8/31,3190
2026-08-14,17:21,280,微星 PRO B840-P WIFI(ATX/LAN2.5G+Wi-Fi 7/註四年)7+2+1相供電,4590
2026-08-14,17:21,281,微星 B840 GAMING PLUS WIFI(ATX/LAN2.5G+Wi-Fi 7/註五年)7+2+1相,4990
2026-08-14,17:21,282,華擎 B840M-HVS(M-ATX/LAN 1Gb/註冊四年保/2DIMM)4+1+1相供電,2990
2026-08-14,17:21,285,華碩 ROG STRIX B850-I GAMING WIFI7 W(Mini-ITX/Intel 2.5G+Wi-Fi 7/註五年/白)10+2+1相,9290
2026-08-14,17:21,286,華碩 PRIME B850M-K-CSM(M-ATX/LAN2.5G/註冊四年保/2DIMM)8+2+1相,4490
2026-08-14,17:21,287,[任搭U] 華碩 PRIME B850M-K-CSM(M-ATX/LAN2.5G/註冊四年保/2DIMM)8+2+1相,3890
2026-08-14,17:21,288,華碩 B850M AYW GAMING WIFI(M-ATX/LAN2.5G+無線/註五年)8+2+1相,4990
2026-08-14,17:21,289,[任搭U] 華碩 B850M AYW GAMING WIFI(M-ATX/LAN2.5G+無線/註五年)8+2+1相,3990
2026-08-14,17:21,290,華碩 TUF GAMING B850M-PLUS II(M-ATX/LAN2.5G/註五年)14+2+1相 [放暑假],4990
2026-08-14,17:21,291,華碩 TUF GAMING B850M-PLUS WIFI7(M-ATX/LAN2.5G+Wi-Fi 7/註五年)14+2+1相,6490
2026-08-14,17:21,292,華碩 TUF GAMING B850M-PLUS WIFI7 W(M-ATX/LAN2.5G+Wi-Fi 7/白)14+2+1相 [放暑假],5990
2026-08-14,17:21,293,華碩 B850 MAX GAMING WIFI W(ATX/LAN2.5G+無線/註五年/銀白)獨家.8+2+1相,5490
2026-08-14,17:21,294,華碩 TUF GAMING B850-E WIFI(ATX/LAN2.5G+無線/註五年)8+2+1相 *尾盤,5990
2026-08-14,17:21,295,華碩 TUF GAMING B850-PLUS WIFI(ATX/LAN2.5G+Wi-Fi 7/註五年)14+2+1相,6990
2026-08-14,17:21,296,華碩 TUF GAMING B850-BTF WIFI W背插(ATX/LAN2.5G+Wi-Fi 7/註五年/白)14+2+1相,7990
2026-08-14,17:21,297,華碩 TUF GAMING B850-PRO WIFI7 W NEO(ATX/LAN2.5G+Wi-Fi 7/白)14+2+1相 [放暑假],7490
2026-08-14,17:21,298,華碩 ProArt B850-CREATOR WIFI NEO(ATX/2*LAN 5G+Wi-Fi 7/註五年)14+2+1相,8490
2026-08-14,17:21,299,華碩 ROG STRIX B850-A GAMING WIFI7 S NEO(吹雪)(ATX/LAN5G+Wi-Fi7)14+2+2相,8490
2026-08-14,17:21,300,[任搭U] 華碩 ROG STRIX B850-A GAMING WIFI7 S NEO(吹雪)(ATX/LAN5G+Wi-Fi 7)14+2+2相,7490
2026-08-14,17:21,301,華碩 ROG STRIX B850-F GAMING WIFI7 NEO(ATX/LAN 5G+Wi-Fi 7/註五年)16+2+2相,9490
2026-08-14,17:21,303,技嘉 B850M DS3H(M-ATX/LAN2.5G/4DIMM/註四年)8+2+2相,3690
2026-08-14,17:21,304,技嘉 B850M DS3H ICE(M-ATX/LAN2.5G/4DIMM/雪白/註四年)8+2+2相,3690
2026-08-14,17:21,305,技嘉 B850M FORCE WIFI6E V2(M-ATX/LAN2.5G+無線/註五年)8+2+2相電源,4490
2026-08-14,17:21,306,技嘉 B850M GAMING X WIFI6E(M-ATX/LAN2.5G+無線/註五年)10+2+2相,5990
2026-08-14,17:21,307,技嘉 B850 EAGLE WIFI6E(ATX/LAN 1Gbps+無線/註四年)8+2+2相 *任搭優惠到8/31,5990
2026-08-14,17:21,308,技嘉 B850 GAMING X WIFI6E(ATX/LAN2.5G+無線/註五年)12+2+2相 *任搭優惠到8/31,6790
2026-08-14,17:21,309,技嘉 B850M AORUS STEALTH ICE(背插式)(白)(M-ATX/LAN 5G+Wi-Fi 7/註五年)8+2+2相,5990
2026-08-14,17:21,310,技嘉 B850M AORUS ELITE WIFI6E ICE(白)(M-ATX/LAN2.5G+無線)12+2+2相,6190
2026-08-14,17:21,311,技嘉 B850M AORUS ELITE WIFI7 ICE-P(雕妹)(M-ATX/LAN2.5G+Wi-Fi 7)12+2+2相*獨家,6490
2026-08-14,17:21,312,技嘉 B850 AORUS ELITE WIFI7(ATX/LAN2.5G+Wi-Fi 7/註五年)14+2+2相,7990
2026-08-14,17:21,313,技嘉 B850 AORUS ELITE WIFI7 ICE(冰魄白)(ATX/LAN2.5G+Wi-Fi 7/註冊五年保)14+2+2相,7990
2026-08-14,17:21,314,技嘉 B850 AORUS STEALTH(背插式)(ATX/LAN 5G+Wi-Fi 7/註冊五年保)14+2+2相,7990
2026-08-14,17:21,315,技嘉 B850 AORUS STEALTH ICE(背插式)(ATX/LAN 5G+Wi-Fi 7/白/註冊五年保/白)14+2+2相,7990
2026-08-14,17:21,316,技嘉 B850 AORUS ELITE-P ICE(雕妹)(ATX/LAN5G+Wi-Fi 7)16+2+2相,8490
2026-08-14,17:21,317,微星 MPG B850I EDGE TI WIFI(Mini-ITX/LAN 5G+Wi-Fi 7/註五年)8+2+1相,8990
2026-08-14,17:21,318,微星 PRO B850M-G(M-ATX/LAN 5G/註四年/2DIMM)7+2+1相,3690
2026-08-14,17:21,319,微星 PRO B850M-P WIFI(M-ATX/LAN 5G+Wi-Fi 7/註四年)7+2+1相,4590
2026-08-14,17:21,320,微星 PRO B850M-A WIFI(M-ATX/LAN 5G+Wi-Fi 7/註四年)8+2+1相 *任搭優惠到8/31,5290
2026-08-14,17:21,321,微星 PRO B850M-A WIFI PZ 背插(M-ATX/LAN 5G+Wi-Fi 7/註四年)8+2+1相*任搭到8/31,5290
2026-08-14,17:21,322,微星 B850M GAMING WIFI6E(M-ATX/LAN 2.5G+無線/註五年)7+2+1相 *任搭優惠到8/31,4490
2026-08-14,17:21,323,微星 B850M GAMING PLUS WIFI(M-ATX/LAN 5G+Wi-Fi 7/註五年)8+2+1相 *任搭到8/31,5490
2026-08-14,17:21,324,微星 MAG B850M MORTAR(M-ATX/LAN 5G/註五年)12+2+1相 *送WI-FI6E網卡,6290
2026-08-14,17:21,325,微星 MAG B850M MORTAR WIFI(M-ATX/LAN 5G+Wi-Fi 7/註五年)12+2+1相,6790
2026-08-14,17:21,326,微星 B850MPOWER(M-ATX/LAN 5G+Wi-Fi 7/註五年/2DIMM)12+2+1相-超頻玩家設計,7490
2026-08-14,17:21,327,微星 PRO B850-P WIFI(ATX/LAN5G+Wi-Fi 7/註四年)12+2+1相,5790
2026-08-14,17:21,328,微星 B850 GAMING PLUS WIFI(ATX/LAN 5G+Wi-Fi 7/註五年)12+2+1相,5790
2026-08-14,17:21,329,微星 B850 GAMING PLUS WIFI PZ 背插(ATX/LAN5G+Wi-Fi 7/註五年/白)12+2+1相,6290
2026-08-14,17:21,330,微星 MAG B850 GAMING PLUS MAX WIFI(ATX/LAN 5G+Wi-Fi 7/註五年)12+2+1相,6290
2026-08-14,17:21,331,微星 MAG B850 TOMAHAWK MAX WIFI II(ATX/LAN5G+Wi-Fi 7/註五年)14+2+1相,8190
2026-08-14,17:21,332,微星 MPG B850 EDGE TI WIFI(ATX/LAN5G+Wi-Fi 7/雪白版)14+2+1相,8490
2026-08-14,17:21,334,華擎 B850I LIGHTNING WIFI(Mini-ITX/Killer2.5G+無線/註五年)10+1+1相,6990
2026-08-14,17:21,335,華擎 B850M-X(M-ATX/LAN2.5G/註五年/2DIMM)6+1+1相,3590
2026-08-14,17:21,336,華擎 B850M-X WIFI(M-ATX/LAN2.5G+無線/註五年/2DIMM)6+1+1相,3790
2026-08-14,17:21,337,華擎 B850M Pro-A(M-ATX/LAN2.5G/註四年)8+2+1 相供電,3990
2026-08-14,17:21,338,華擎 B850M Pro-A WiFi(M-ATX/LAN2.5G+無線/註四年)8+2+1 相供電,4190
2026-08-14,17:21,339,華擎 B850M Pro RS(M-ATX/LAN2.5G/註五年)8+2+1 相供電,4590
2026-08-14,17:21,340,華擎 B850M Pro RS WiFi(M-ATX/LAN2.5G+無線/註五年)8+2+1 相供電,4590
2026-08-14,17:21,341,華擎 B850M Pro RS WiFi White(M-ATX/LAN2.5G+無線/註五年/白)8+2+1 相供電,4990
2026-08-14,17:21,342,華擎 B850M Challenger WiFi(M-ATX/LAN2.5G+Wi-Fi 7/註五年)8+1+1 相供電,4990
2026-08-14,17:21,343,華擎 B850M Challenger WiFi White(M-ATX/LAN2.5G+Wi-Fi 7/註五年/白)8+1+1相,4990
2026-08-14,17:21,344,華擎 B850M Steel Legend WiFi(M-ATX/LAN2.5G+Wi-Fi 7/註五年)12+2+1 相供電,4990
2026-08-14,17:21,345,華擎 B850M Riptide WiFi(M-ATX/LAN2.5G+Wi-Fi 7/註五年)12+2+1 相供電,5690
2026-08-14,17:21,346,華擎 B850 Rock WiFi 7(ATX/LAN2.5G+Wi-Fi 7/註五年)9+2+1 相供電,4990
2026-08-14,17:21,347,華擎 B850 Challenger WiFi(ATX/LAN2.5G+Wi-Fi 7/註五年)12+2+1 相供電,5790
2026-08-14,17:21,348,華擎 B850 Challenger WiFi White(ATX/LAN2.5G+Wi-Fi 7/註五年/白)12+2+1 相供電,5790
2026-08-14,17:21,349,華擎 B850 Pro-A(ATX/LAN2.5G/註五年)14+2+1相,5990
2026-08-14,17:21,350,華擎 B850 Pro RS(ATX/LAN2.5G/註五年)14+2+1相,6490
2026-08-14,17:21,353,華碩 ROG STRIX X870-I GAMING WIFI(Mini-ITX/Intel 2.5G+Wi-Fi 7/註五年)10+2+1相,13990
2026-08-14,17:21,354,華碩 PRIME X870-P-CSM(ATX/LAN2.5G/註四年)14+2+1相-獨家 價格一次到位!!,5990
2026-08-14,17:21,355,華碩 PRIME X870-P WIFI-CSM(ATX/LAN2.5G+Wi-Fi 7/註四年)14+2+1相,7590
2026-08-14,17:21,356,華碩 X870 AYW GAMING WIFI W(ATX/LAN2.5G+無線/註五年/白)12+2+1相,7990
2026-08-14,17:21,357,華碩 X870 MAX GAMING WIFI7 W(ATX/LAN2.5G+Wi-Fi 7/註五年/白)12+2+1相 [放暑假],7490
2026-08-14,17:21,358,華碩 TUF GAMING X870-PLUS WIFI(ATX/LAN2.5G+Wi-Fi 7/註五年)16+2+1相 [放暑假],9490
2026-08-14,17:21,359,華碩 TUF GAMING X870-PRO WIFI7 W NEO(ATX/LAN 5G+Wi-Fi 7/白)16+2+1相 [放暑假],9990
2026-08-14,17:21,360,華碩 ProArt X870E-CREATOR WIFI(ATX/Marvell 10G+Intel 2.5G+Wi-Fi 7)16+2+2相,14990
2026-08-14,17:21,361,華碩 ROG STRIX X870-A GAMING WIFI(ATX/Intel 2.5G+Wi-Fi 7/註五年/白色)16+2+2相,12990
2026-08-14,17:21,362,華碩 ROG STRIX X870E-A GAMING WIFI7 NEO(ATX/LAN 5G+Wi-Fi7/註五年/白)16+2+2相,14990
2026-08-14,17:21,363,華碩 ROG STRIX X870E-E GAMING WIFI(ATX/LAN 5G+Wi-Fi 7/註五年)18+2+2相-活動中,16990
2026-08-14,17:21,364,華碩 ROG STRIX X870E-E GAMING WIFI7 NEO(ATX/LAN 5G+Wi-Fi 7/註五年)18+2+2相,17990
2026-08-14,17:21,366,華碩 ROG CROSSHAIR X870E HERO(ATX/LAN 5G+Intel 2.5G+Wi-Fi 7)18+2+2相,20990
2026-08-14,17:21,367,華碩 ROG CROSSHAIR X870E HERO BTF背插(ATX/LAN 5G+Intel 2.5G+Wi-Fi 7)18+2+2相,20990
2026-08-14,17:21,368,華碩 ROG CROSSHAIR X870E DARK HERO(ATX/LAN10+5Gb+Wi-Fi 7)20+2+2相,23990
2026-08-14,17:21,369,華碩 ROG CROSSHAIR X870E APEX(ATX/LAN 5G+Wi-Fi 7/註五年/2DIMM)18+2+2相,23990
2026-08-14,17:21,370,華碩 ROG CROSSHAIR X870E EXTREME(E-ATX/LAN 5G+Marvell10G+Wi-Fi 7)20+2+2相,36990
2026-08-14,17:21,372,技嘉 X870 EAGLE WIFI7(ATX/LAN2.5G+Wi-Fi 7/註四年)14+2+2相 *任搭優惠到8/31,7390
2026-08-14,17:21,373,技嘉 X870 GAMING X WIFI7(ATX/LAN2.5G+Wi-Fi 7/註五年)16+2+2相,9490
2026-08-14,17:21,374,[加購省] 8/31前 買技嘉X870 AORUS以上主板加購金士頓 KC3000 1TB SSD(原價6990),5499
2026-08-14,17:21,375,技嘉 X870I AORUS PRO ICE(Mini-ITX/LAN 2.5G+Wi-Fi 7)8+2+1相 *任搭優惠到8/31,10990
2026-08-14,17:21,376,技嘉 X870 AORUS ELITE WIFI7(ATX/LAN2.5G+Wi-Fi 7)16+2+2相,10490
2026-08-14,17:21,377,技嘉 X870 AORUS ELITE WIFI7 ICE(ATX/LAN2.5G+Wi-Fi 7/獨家-冰魄白)16+2+2相,10490
2026-08-14,17:21,378,技嘉 X870 AORUS STEALTH(背插式)(ATX/LAN 5G+Wi-Fi 7/註五年)16+2+2相,10990
2026-08-14,17:21,379,技嘉 X870 AORUS STEALTH ICE(背插式)(ATX/LAN 5G+Wi-Fi 7/註五年)16+2+2相,10990
2026-08-14,17:21,380,技嘉 X870E AORUS PRO(ATX/LAN2.5G+Wi-Fi 7/註五年)16+2+2相 *任搭優惠到8/31,11990
2026-08-14,17:21,381,技嘉 X870E AORUS PRO ICE(冰魄白)(ATX/LAN2.5G+Wi-Fi 7/註五年)16+2+2相,12990
2026-08-14,17:21,382,技嘉 X870E AERO X3D WOOD(木質美學)(ATX/2*LAN5G+Wi-Fi 7/註五年/白)16+2+2相,13490
2026-08-14,17:21,383,技嘉 X870E AERO X3D DARK WOOD(木質美學)(ATX/2*LAN5G+Wi-Fi 7/註五年)16+2+2相,13990
2026-08-14,17:21,384,技嘉 X870E AORUS PRO X3D ICE(冰魄白)(ATX/LAN5G+Wi-Fi 7/註五年)18+2+2相,13990
2026-08-14,17:21,385,技嘉 X870 AORUS TACHYON ICE(E-ATX/LAN 5G+Wi-Fi 7/註五年)18+2+2相,19990
2026-08-14,17:21,386,技嘉 X870E AORUS MASTER(ATX/LAN5G+Wi-Fi 7/註五年)16+2+2相 *任搭優惠到8/31,20490
2026-08-14,17:21,387,技嘉 X870E AORUS MASTER X3D ICE(ATX/LAN5+10G+Wi-Fi 7)18+2+2相(X3D優化),20990
2026-08-14,17:21,388,技嘉 X870 AORUS INFINITY(E-ATX/LAN 5G+Wi-Fi 7/註五年)18+2+2相,24990
2026-08-14,17:21,389,技嘉 X870E AORUS XTREME X3D AI TOP(E-ATX/2*Realtek 10Gb+Wi-Fi 7)24+2+2相,34990
2026-08-14,17:21,390,[加購省] 8/31前 買技嘉X870 AORUS以上主板加購金士頓 KC3000 1TB SSD(原價6990),5499
2026-08-14,17:21,391,微星 X870I EDGE TI EVO WIFI(Mini-ITX/Realtek 5Gb+Wi-Fi 7/註五年)8+2+1相,12990
2026-08-14,17:21,392,微星 PRO X870-P WIFI(ATX/LAN 5G+Wi-Fi 7/註四年)14+2+1相電源 *尾盤,7590
2026-08-14,17:21,393,微星 PRO X870E-S EVO WIFI(ATX/LAN 5G+Wi-Fi 7/註四年)12+2+1相電源,8090
2026-08-14,17:21,394,微星 PRO X870E-P WIFI(ATX/LAN 5G+Wi-Fi 7/註四年)14+2+1相,8490
2026-08-14,17:21,395,微星 X870 GAMING PLUS WIFI(ATX/LAN 5G+Wi-Fi 7/註五年)14+2+1相,8690
2026-08-14,17:21,396,微星 X870E GAMING PLUS WIFI(ATX/LAN 5G+Wi-Fi 7/註五年)14+2+1相 *任搭到8/31,8990
2026-08-14,17:21,397,微星 MAG X870E TOMAHAWK WIFI(ATX/LAN 5G+Wi-Fi 7)14+2+1相 *任搭到8/31,11490
2026-08-14,17:21,398,微星 MAG X870E TOMAHAWK MAX WIFI PZ背插(ATX/LAN 5G+Wi-Fi 7)14+2+1相,11990
2026-08-14,17:21,399,微星 MPG X870E EDGE TI WIFI(ATX/銀白/LAN 5G+Wi-Fi 7/註五年)14+2+1相 *任搭到8/31,11990
2026-08-14,17:21,400,微星 MPG X870E CARBON WIFI(ATX/LAN 5G+2.5G+Wi-Fi 7)18+2+1相 *任搭到8/31,14990
2026-08-14,17:21,401,微星 MPG X870E CARBON MAX WIFI(ATX/LAN 5G+2.5G+Wi-Fi 7)18+2+1相,15990
2026-08-14,17:21,402,微星 MEG X870E UNIFY-X MAX(ATX/LAN 5G+Wi-Fi 7/註五年)18+2+1相,18900
2026-08-14,17:21,403,微星 MEG X870E ACE MAX(ATX/Marvell 10Gb+5Gb+Wi-Fi 7/註五年)18+2+1相,19990
2026-08-14,17:21,404,微星 MEG X870E GODLIKE MAX(E-ATX/Marvell 10Gb+5Gb+Wi-Fi 7/註五年)24+2+1相,34990
2026-08-14,17:21,407,華擎 X870 Pro RS(ATX/Dragon 2.5G/註五年)14+2+1相電源 *送拉鍊收納包,5790
2026-08-14,17:21,408,華擎 X870 Pro RS WiFi(ATX/Dragon 2.5G+Wi-Fi 7/註五年)14+2+1相*送拉鍊收納包,5990
2026-08-14,17:21,409,華擎 X870 Steel Legend WiFi(ATX/Dragon 2.5G+Wi-Fi 7/註五年)14+2+1相*送拉鍊收納包,6990
2026-08-14,17:21,410,華擎 X870 Challenger WiFi White(ATX/Dragon 2.5G+Wi-Fi 7/註五年)16+2+1相*送拉鍊收納包,7190
2026-08-14,17:21,411,華擎 X870E Challenger WiFi White(ATX/LAN 5G+Wi-Fi 7/註五年)20+2+1相*送拉鍊收納包,9490
2026-08-14,17:21,412,華擎 X870 Nova WiFi(ATX/LAN 5G+Wi-Fi 7/註五年)20+2+1相*送拉鍊收納包,9990
2026-08-14,17:21,413,華擎 X870 Taichi Creator(ATX/Marvell 10G+Realtek 5G+Wi-Fi 7/註五年)18+2+1相 *送拉鍊收納包,11990
2026-08-14,17:21,414,華擎 X870E Taichi Lite(EATX/LAN 5G+Wi-Fi 7/註五年)24+2+1相 *送拉鍊收納包,12990
2026-08-14,17:21,415,華擎 X870E Taichi(EATX/LAN 5G+Wi-Fi 7/註五年)24+2+1相 *送拉鍊收納包,14990
2026-08-14,17:21,416,華擎 X870E Taichi OCF(ATX/LAN 5G+Wi-Fi 7/註五年)22+2+1相 *送拉鍊收納包,18990
2026-08-14,17:21,419,ASUS PRO WS B850M-ACE SE(M-ATX/Realtek10Gb+Intel 2.5Gb/註四年),12990
2026-08-14,17:21,420,技嘉 B850 AI TOP(ATX/2*Marvell 10GbE+Wi-Fi 7/註五年)16+2+2相 *任搭優惠到8/31,12990
2026-08-14,17:21,423,華碩 PRO WS WRX80E-SAGE SE WIFI II(EEB/2*Intel 10G/無線/註四年/8DIMM),19990
2026-08-14,17:21,426,華碩 PRO WS TRX50-SAGE WIFI A(CEB/Marvell 10Gb+Intel 2.5Gb+Wi-Fi 7/註四年),23990
2026-08-14,17:21,427,華碩 PRO WS TRX50-SAGE WIFI(CEB/Marvell 10Gb+Intel 2.5Gb+Wi-Fi 7/註四年)36相,25990
2026-08-14,17:21,428,技嘉 TRX50 AI TOP-2B(E-ATX/Marvell 10Gb*2+Wi-Fi 7/註五年)16+8+4相,29990
2026-08-14,17:21,429,華擎 TRX50 WS(E-ATX/Marvell 10Gb+LAN 2.5Gb+無線/註五年)18+3+3 電源相位,22990
2026-08-14,17:21,432,華碩 PRO WS WRX90E-SAGE SE(EEB/2*Intel 10G+LAN 1G/註四年/8DIMM),39990
2026-08-14,17:21,433,華擎 WRX90 WS EVO(EEB/2*Intel 10G/註五年/8DIMM)18+3+3 電源相位,38990
2026-08-14,17:41,3,華碩 PRO WS W680-ACE(ATX/1A1H1P/雙Intel 2.5Gb/註四年) 穩定.可靠性高,9990
2026-08-14,17:41,4,華碩 PRO WS W680-ACE IPMI(ATX/1A1H1P/雙Intel 2.5Gb/註四年)附華碩IPMI擴展卡,13990
2026-08-14,17:41,7,華碩 Pro WS W790-ACE(CEB/8*DDR5/Marvell 10Gb+Intel 2.5Gb/註四年)IPMI遠程管理,27990
2026-08-14,17:41,8,華碩 Pro WS W790E-SAGE SE(EEB/8*DDR5/2*Intel 10G+LAN 1Gb)14+1+1功率級,39990
2026-08-14,17:41,423,華碩 PRO WS WRX80E-SAGE SE WIFI II(EEB/2*Intel 10G/無線/註四年/8DIMM),19990
2026-08-14,17:41,426,華碩 PRO WS TRX50-SAGE WIFI A(CEB/Marvell 10Gb+Intel 2.5Gb+Wi-Fi 7/註四年),23990
2026-08-14,17:41,427,華碩 PRO WS TRX50-SAGE WIFI(CEB/Marvell 10Gb+Intel 2.5Gb+Wi-Fi 7/註四年)36相,25990
2026-08-14,17:41,428,技嘉 TRX50 AI TOP-2B(E-ATX/Marvell 10Gb*2+Wi-Fi 7/註五年)16+8+4相,29990
2026-08-14,17:41,429,華擎 TRX50 WS(E-ATX/Marvell 10Gb+LAN 2.5Gb+無線/註五年)18+3+3 電源相位,22990
2026-08-14,17:41,432,華碩 PRO WS WRX90E-SAGE SE(EEB/2*Intel 10G+LAN 1G/註四年/8DIMM),39990
2026-08-14,17:41,433,華擎 WRX90 WS EVO(EEB/2*Intel 10G/註五年/8DIMM)18+3+3 電源相位,38990
2026-08-14,17:49,3,華碩 PRO WS W680-ACE(ATX/1A1H1P/雙Intel 2.5Gb/註四年) 穩定.可靠性高,9990
2026-08-14,17:49,4,華碩 PRO WS W680-ACE IPMI(ATX/1A1H1P/雙Intel 2.5Gb/註四年)附華碩IPMI擴展卡,13990
2026-08-14,17:49,7,華碩 Pro WS W790-ACE(CEB/8*DDR5/Marvell 10Gb+Intel 2.5Gb/註四年)IPMI遠程管理,27990
2026-08-14,17:49,8,華碩 Pro WS W790E-SAGE SE(EEB/8*DDR5/2*Intel 10G+LAN 1Gb)14+1+1功率級,39990
2026-08-14,17:49,423,華碩 PRO WS WRX80E-SAGE SE WIFI II(EEB/2*Intel 10G/無線/註四年/8DIMM),19990
2026-08-14,17:49,426,華碩 PRO WS TRX50-SAGE WIFI A(CEB/Marvell 10Gb+Intel 2.5Gb+Wi-Fi 7/註四年),23990
2026-08-14,17:49,427,華碩 PRO WS TRX50-SAGE WIFI(CEB/Marvell 10Gb+Intel 2.5Gb+Wi-Fi 7/註四年)36相,25990
2026-08-14,17:49,428,技嘉 TRX50 AI TOP-2B(E-ATX/Marvell 10Gb*2+Wi-Fi 7/註五年)16+8+4相,29990
2026-08-14,17:49,429,華擎 TRX50 WS(E-ATX/Marvell 10Gb+LAN 2.5Gb+無線/註五年)18+3+3 電源相位,22990
2026-08-14,17:49,432,華碩 PRO WS WRX90E-SAGE SE(EEB/2*Intel 10G+LAN 1G/註四年/8DIMM),39990
2026-08-14,17:49,433,華擎 WRX90 WS EVO(EEB/2*Intel 10G/註五年/8DIMM)18+3+3 電源相位,38990
2026-08-14,22:08,3,華碩 PRO WS W680-ACE(ATX/1A1H1P/雙Intel 2.5Gb/註四年) 穩定.可靠性高,9990
2026-08-14,22:08,4,華碩 PRO WS W680-ACE IPMI(ATX/1A1H1P/雙Intel 2.5Gb/註四年)附華碩IPMI擴展卡,13990
2026-08-14,22:08,7,華碩 Pro WS W790-ACE(CEB/8*DDR5/Marvell 10Gb+Intel 2.5Gb/註四年)IPMI遠程管理,27990
2026-08-14,22:08,8,華碩 Pro WS W790E-SAGE SE(EEB/8*DDR5/2*Intel 10G+LAN 1Gb)14+1+1功率級,39990
2026-08-14,22:08,423,華碩 PRO WS WRX80E-SAGE SE WIFI II(EEB/2*Intel 10G/無線/註四年/8DIMM),19990
2026-08-14,22:08,426,華碩 PRO WS TRX50-SAGE WIFI A(CEB/Marvell 10Gb+Intel 2.5Gb+Wi-Fi 7/註四年),23990
2026-08-14,22:08,427,華碩 PRO WS TRX50-SAGE WIFI(CEB/Marvell 10Gb+Intel 2.5Gb+Wi-Fi 7/註四年)36相,25990
2026-08-14,22:08,428,技嘉 TRX50 AI TOP-2B(E-ATX/Marvell 10Gb*2+Wi-Fi 7/註五年)16+8+4相,29990
2026-08-14,22:08,429,華擎 TRX50 WS(E-ATX/Marvell 10Gb+LAN 2.5Gb+無線/註五年)18+3+3 電源相位,22990
2026-08-14,22:08,432,華碩 PRO WS WRX90E-SAGE SE(EEB/2*Intel 10G+LAN 1G/註四年/8DIMM),39990
2026-08-14,22:08,433,華擎 WRX90 WS EVO(EEB/2*Intel 10G/註五年/8DIMM)18+3+3 電源相位,38990
2026-08-15,10:13,3,華碩 PRO WS W680-ACE(ATX/1A1H1P/雙Intel 2.5Gb/註四年) 穩定.可靠性高,9990
2026-08-15,10:13,4,華碩 PRO WS W680-ACE IPMI(ATX/1A1H1P/雙Intel 2.5Gb/註四年)附華碩IPMI擴展卡,13990
2026-08-15,10:13,7,華碩 Pro WS W790-ACE(CEB/8*DDR5/Marvell 10Gb+Intel 2.5Gb/註四年)IPMI遠程管理,27990
2026-08-15,10:13,8,華碩 Pro WS W790E-SAGE SE(EEB/8*DDR5/2*Intel 10G+LAN 1Gb)14+1+1功率級,39990
2026-08-15,10:13,423,華碩 PRO WS WRX80E-SAGE SE WIFI II(EEB/2*Intel 10G/無線/註四年/8DIMM),19990
2026-08-15,10:13,426,華碩 PRO WS TRX50-SAGE WIFI A(CEB/Marvell 10Gb+Intel 2.5Gb+Wi-Fi 7/註四年),23990
2026-08-15,10:13,427,華碩 PRO WS TRX50-SAGE WIFI(CEB/Marvell 10Gb+Intel 2.5Gb+Wi-Fi 7/註四年)36相,25990
2026-08-15,10:13,428,技嘉 TRX50 AI TOP-2B(E-ATX/Marvell 10Gb*2+Wi-Fi 7/註五年)16+8+4相,29990
2026-08-15,10:13,429,華擎 TRX50 WS(E-ATX/Marvell 10Gb+LAN 2.5Gb+無線/註五年)18+3+3 電源相位,22990
2026-08-15,10:13,432,華碩 PRO WS WRX90E-SAGE SE(EEB/2*Intel 10G+LAN 1G/註四年/8DIMM),39990
2026-08-15,10:13,433,華擎 WRX90 WS EVO(EEB/2*Intel 10G/註五年/8DIMM)18+3+3 電源相位,38990
2026-08-15,21:22,3,華碩 PRO WS W680-ACE(ATX/1A1H1P/雙Intel 2.5Gb/註四年) 穩定.可靠性高,9990
2026-08-15,21:22,4,華碩 PRO WS W680-ACE IPMI(ATX/1A1H1P/雙Intel 2.5Gb/註四年)附華碩IPMI擴展卡,13990
2026-08-15,21:22,7,華碩 Pro WS W790-ACE(CEB/8*DDR5/Marvell 10Gb+Intel 2.5Gb/註四年)IPMI遠程管理,27990
2026-08-15,21:22,8,華碩 Pro WS W790E-SAGE SE(EEB/8*DDR5/2*Intel 10G+LAN 1Gb)14+1+1功率級,39990
2026-08-15,21:22,421,華碩 PRO WS WRX80E-SAGE SE WIFI II(EEB/2*Intel 10G/無線/註四年/8DIMM),19990
2026-08-15,21:22,424,華碩 PRO WS TRX50-SAGE WIFI A(CEB/Marvell 10Gb+Intel 2.5Gb+Wi-Fi 7/註四年),23990
2026-08-15,21:22,425,華碩 PRO WS TRX50-SAGE WIFI(CEB/Marvell 10Gb+Intel 2.5Gb+Wi-Fi 7/註四年)36相,25990
2026-08-15,21:22,426,技嘉 TRX50 AI TOP-2B(E-ATX/Marvell 10Gb*2+Wi-Fi 7/註五年)16+8+4相,29990
2026-08-15,21:22,427,華擎 TRX50 WS(E-ATX/Marvell 10Gb+LAN 2.5Gb+無線/註五年)18+3+3 電源相位,22990
2026-08-15,21:22,430,華碩 PRO WS WRX90E-SAGE SE(EEB/2*Intel 10G+LAN 1G/註四年/8DIMM),39990
2026-08-15,21:22,431,華擎 WRX90 WS EVO(EEB/2*Intel 10G/註五年/8DIMM)18+3+3 電源相位,38990
2026-08-16,10:20,3,華碩 PRO WS W680-ACE(ATX/1A1H1P/雙Intel 2.5Gb/註四年) 穩定.可靠性高,9990
2026-08-16,10:20,4,華碩 PRO WS W680-ACE IPMI(ATX/1A1H1P/雙Intel 2.5Gb/註四年)附華碩IPMI擴展卡,13990
2026-08-16,10:20,7,華碩 Pro WS W790-ACE(CEB/8*DDR5/Marvell 10Gb+Intel 2.5Gb/註四年)IPMI遠程管理,27990
2026-08-16,10:20,8,華碩 Pro WS W790E-SAGE SE(EEB/8*DDR5/2*Intel 10G+LAN 1Gb)14+1+1功率級,39990
2026-08-16,10:20,421,華碩 PRO WS WRX80E-SAGE SE WIFI II(EEB/2*Intel 10G/無線/註四年/8DIMM),19990
2026-08-16,10:20,424,華碩 PRO WS TRX50-SAGE WIFI A(CEB/Marvell 10Gb+Intel 2.5Gb+Wi-Fi 7/註四年),23990
2026-08-16,10:20,425,華碩 PRO WS TRX50-SAGE WIFI(CEB/Marvell 10Gb+Intel 2.5Gb+Wi-Fi 7/註四年)36相,25990
2026-08-16,10:20,426,技嘉 TRX50 AI TOP-2B(E-ATX/Marvell 10Gb*2+Wi-Fi 7/註五年)16+8+4相,29990
2026-08-16,10:20,427,華擎 TRX50 WS(E-ATX/Marvell 10Gb+LAN 2.5Gb+無線/註五年)18+3+3 電源相位,22990
2026-08-16,10:20,430,華碩 PRO WS WRX90E-SAGE SE(EEB/2*Intel 10G+LAN 1G/註四年/8DIMM),39990
2026-08-16,10:20,431,華擎 WRX90 WS EVO(EEB/2*Intel 10G/註五年/8DIMM)18+3+3 電源相位,38990
2026-08-16,21:23,3,華碩 PRO WS W680-ACE(ATX/1A1H1P/雙Intel 2.5Gb/註四年) 穩定.可靠性高,9990
2026-08-16,21:23,4,華碩 PRO WS W680-ACE IPMI(ATX/1A1H1P/雙Intel 2.5Gb/註四年)附華碩IPMI擴展卡,13990
2026-08-16,21:23,7,華碩 Pro WS W790-ACE(CEB/8*DDR5/Marvell 10Gb+Intel 2.5Gb/註四年)IPMI遠程管理,27990
2026-08-16,21:23,8,華碩 Pro WS W790E-SAGE SE(EEB/8*DDR5/2*Intel 10G+LAN 1Gb)14+1+1功率級,39990
2026-08-16,21:23,421,華碩 PRO WS WRX80E-SAGE SE WIFI II(EEB/2*Intel 10G/無線/註四年/8DIMM),19990
2026-08-16,21:23,424,華碩 PRO WS TRX50-SAGE WIFI A(CEB/Marvell 10Gb+Intel 2.5Gb+Wi-Fi 7/註四年),23990
2026-08-16,21:23,425,華碩 PRO WS TRX50-SAGE WIFI(CEB/Marvell 10Gb+Intel 2.5Gb+Wi-Fi 7/註四年)36相,25990
2026-08-16,21:23,426,技嘉 TRX50 AI TOP-2B(E-ATX/Marvell 10Gb*2+Wi-Fi 7/註五年)16+8+4相,29990
2026-08-16,21:23,427,華擎 TRX50 WS(E-ATX/Marvell 10Gb+LAN 2.5Gb+無線/註五年)18+3+3 電源相位,22990
2026-08-16,21:23,430,華碩 PRO WS WRX90E-SAGE SE(EEB/2*Intel 10G+LAN 1G/註四年/8DIMM),39990
2026-08-16,21:23,431,華擎 WRX90 WS EVO(EEB/2*Intel 10G/註五年/8DIMM)18+3+3 電源相位,38990
2026-08-17,10:19,3,華碩 PRO WS W680-ACE(ATX/1A1H1P/雙Intel 2.5Gb/註四年) 穩定.可靠性高,9990
2026-08-17,10:19,4,華碩 PRO WS W680-ACE IPMI(ATX/1A1H1P/雙Intel 2.5Gb/註四年)附華碩IPMI擴展卡,13990
2026-08-17,10:19,7,華碩 Pro WS W790-ACE(CEB/8*DDR5/Marvell 10Gb+Intel 2.5Gb/註四年)IPMI遠程管理,27990
2026-08-17,10:19,8,華碩 Pro WS W790E-SAGE SE(EEB/8*DDR5/2*Intel 10G+LAN 1Gb)14+1+1功率級,39990
2026-08-17,10:19,421,華碩 PRO WS WRX80E-SAGE SE WIFI II(EEB/2*Intel 10G/無線/註四年/8DIMM),19990
2026-08-17,10:19,424,華碩 PRO WS TRX50-SAGE WIFI A(CEB/Marvell 10Gb+Intel 2.5Gb+Wi-Fi 7/註四年),23990
2026-08-17,10:19,425,華碩 PRO WS TRX50-SAGE WIFI(CEB/Marvell 10Gb+Intel 2.5Gb+Wi-Fi 7/註四年)36相,25990
2026-08-17,10:19,426,技嘉 TRX50 AI TOP-2B(E-ATX/Marvell 10Gb*2+Wi-Fi 7/註五年)16+8+4相,29990
2026-08-17,10:19,427,華擎 TRX50 WS(E-ATX/Marvell 10Gb+LAN 2.5Gb+無線/註五年)18+3+3 電源相位,22990
2026-08-17,10:19,430,華碩 PRO WS WRX90E-SAGE SE(EEB/2*Intel 10G+LAN 1G/註四年/8DIMM),39990
2026-08-17,10:19,431,華擎 WRX90 WS EVO(EEB/2*Intel 10G/註五年/8DIMM)18+3+3 電源相位,38990
2026-08-17,21:32,3,華碩 PRO WS W680-ACE(ATX/1A1H1P/雙Intel 2.5Gb/註四年) 穩定.可靠性高,9990
2026-08-17,21:32,4,華碩 PRO WS W680-ACE IPMI(ATX/1A1H1P/雙Intel 2.5Gb/註四年)附華碩IPMI擴展卡,13990
2026-08-17,21:32,7,華碩 Pro WS W790-ACE(CEB/8*DDR5/Marvell 10Gb+Intel 2.5Gb/註四年)IPMI遠程管理,27990
2026-08-17,21:32,8,華碩 Pro WS W790E-SAGE SE(EEB/8*DDR5/2*Intel 10G+LAN 1Gb)14+1+1功率級,39990
2026-08-17,21:32,421,華碩 PRO WS WRX80E-SAGE SE WIFI II(EEB/2*Intel 10G/無線/註四年/8DIMM),19990
2026-08-17,21:32,424,華碩 PRO WS TRX50-SAGE WIFI A(CEB/Marvell 10Gb+Intel 2.5Gb+Wi-Fi 7/註四年),23990
2026-08-17,21:32,425,華碩 PRO WS TRX50-SAGE WIFI(CEB/Marvell 10Gb+Intel 2.5Gb+Wi-Fi 7/註四年)36相,25990
2026-08-17,21:32,426,技嘉 TRX50 AI TOP-2B(E-ATX/Marvell 10Gb*2+Wi-Fi 7/註五年)16+8+4相,29990
2026-08-17,21:32,427,華擎 TRX50 WS(E-ATX/Marvell 10Gb+LAN 2.5Gb+無線/註五年)18+3+3 電源相位,22990
2026-08-17,21:32,430,華碩 PRO WS WRX90E-SAGE SE(EEB/2*Intel 10G+LAN 1G/註四年/8DIMM),39990
2026-08-17,21:32,431,華擎 WRX90 WS EVO(EEB/2*Intel 10G/註五年/8DIMM)18+3+3 電源相位,38990
2026-08-18,10:15,3,華碩 PRO WS W680-ACE(ATX/1A1H1P/雙Intel 2.5Gb/註四年) 穩定.可靠性高,9990
2026-08-18,10:15,4,華碩 PRO WS W680-ACE IPMI(ATX/1A1H1P/雙Intel 2.5Gb/註四年)附華碩IPMI擴展卡,13990
2026-08-18,10:15,7,華碩 Pro WS W790-ACE(CEB/8*DDR5/Marvell 10Gb+Intel 2.5Gb/註四年)IPMI遠程管理,27990
2026-08-18,10:15,8,華碩 Pro WS W790E-SAGE SE(EEB/8*DDR5/2*Intel 10G+LAN 1Gb)14+1+1功率級,39990
2026-08-18,10:15,421,華碩 PRO WS WRX80E-SAGE SE WIFI II(EEB/2*Intel 10G/無線/註四年/8DIMM),19990
2026-08-18,10:15,424,華碩 PRO WS TRX50-SAGE WIFI A(CEB/Marvell 10Gb+Intel 2.5Gb+Wi-Fi 7/註四年),23990
2026-08-18,10:15,425,華碩 PRO WS TRX50-SAGE WIFI(CEB/Marvell 10Gb+Intel 2.5Gb+Wi-Fi 7/註四年)36相,25990
2026-08-18,10:15,426,技嘉 TRX50 AI TOP-2B(E-ATX/Marvell 10Gb*2+Wi-Fi 7/註五年)16+8+4相,29990
2026-08-18,10:15,427,華擎 TRX50 WS(E-ATX/Marvell 10Gb+LAN 2.5Gb+無線/註五年)18+3+3 電源相位,22990
2026-08-18,10:15,430,華碩 PRO WS WRX90E-SAGE SE(EEB/2*Intel 10G+LAN 1G/註四年/8DIMM),39990
2026-08-18,10:15,431,華擎 WRX90 WS EVO(EEB/2*Intel 10G/註五年/8DIMM)18+3+3 電源相位,38990
2026-08-18,21:35,3,華碩 PRO WS W680-ACE(ATX/1A1H1P/雙Intel 2.5Gb/註四年) 穩定.可靠性高,9990
2026-08-18,21:35,4,華碩 PRO WS W680-ACE IPMI(ATX/1A1H1P/雙Intel 2.5Gb/註四年)附華碩IPMI擴展卡,13990
2026-08-18,21:35,7,華碩 Pro WS W790-ACE(CEB/8*DDR5/Marvell 10Gb+Intel 2.5Gb/註四年)IPMI遠程管理,27990
2026-08-18,21:35,8,華碩 Pro WS W790E-SAGE SE(EEB/8*DDR5/2*Intel 10G+LAN 1Gb)14+1+1功率級,39990
2026-08-18,21:35,418,華碩 PRO WS WRX80E-SAGE SE WIFI II(EEB/2*Intel 10G/無線/註四年/8DIMM),19990
2026-08-18,21:35,421,華碩 PRO WS TRX50-SAGE WIFI A(CEB/Marvell 10Gb+Intel 2.5Gb+Wi-Fi 7/註四年),23990
2026-08-18,21:35,422,華碩 PRO WS TRX50-SAGE WIFI(CEB/Marvell 10Gb+Intel 2.5Gb+Wi-Fi 7/註四年)36相,25990
2026-08-18,21:35,423,技嘉 TRX50 AI TOP-2B(E-ATX/Marvell 10Gb*2+Wi-Fi 7/註五年)16+8+4相,29990
2026-08-18,21:35,424,華擎 TRX50 WS(E-ATX/Marvell 10Gb+LAN 2.5Gb+無線/註五年)18+3+3 電源相位,22990
2026-08-18,21:35,427,華碩 PRO WS WRX90E-SAGE SE(EEB/2*Intel 10G+LAN 1G/註四年/8DIMM),39990
2026-08-18,21:35,428,華擎 WRX90 WS EVO(EEB/2*Intel 10G/註五年/8DIMM)18+3+3 電源相位,38990
2026-08-19,10:17,3,華碩 PRO WS W680-ACE(ATX/1A1H1P/雙Intel 2.5Gb/註四年) 穩定.可靠性高,9990
2026-08-19,10:17,4,華碩 PRO WS W680-ACE IPMI(ATX/1A1H1P/雙Intel 2.5Gb/註四年)附華碩IPMI擴展卡,13990
2026-08-19,10:17,7,華碩 Pro WS W790-ACE(CEB/8*DDR5/Marvell 10Gb+Intel 2.5Gb/註四年)IPMI遠程管理,27990
2026-08-19,10:17,8,華碩 Pro WS W790E-SAGE SE(EEB/8*DDR5/2*Intel 10G+LAN 1Gb)14+1+1功率級,39990
2026-08-19,10:17,418,華碩 PRO WS WRX80E-SAGE SE WIFI II(EEB/2*Intel 10G/無線/註四年/8DIMM),19990
2026-08-19,10:17,421,華碩 PRO WS TRX50-SAGE WIFI A(CEB/Marvell 10Gb+Intel 2.5Gb+Wi-Fi 7/註四年),23990
2026-08-19,10:17,422,華碩 PRO WS TRX50-SAGE WIFI(CEB/Marvell 10Gb+Intel 2.5Gb+Wi-Fi 7/註四年)36相,25990
2026-08-19,10:17,423,技嘉 TRX50 AI TOP-2B(E-ATX/Marvell 10Gb*2+Wi-Fi 7/註五年)16+8+4相,29990
2026-08-19,10:17,424,華擎 TRX50 WS(E-ATX/Marvell 10Gb+LAN 2.5Gb+無線/註五年)18+3+3 電源相位,22990
2026-08-19,10:17,427,華碩 PRO WS WRX90E-SAGE SE(EEB/2*Intel 10G+LAN 1G/註四年/8DIMM),39990
2026-08-19,10:17,428,華擎 WRX90 WS EVO(EEB/2*Intel 10G/註五年/8DIMM)18+3+3 電源相位,38990
2026-08-19,21:36,3,｛華碩 PRO WS W680-ACE｝ATX/1A1H1P/雙2.5G/註四年 穩定.可靠性高,9990
2026-08-19,21:36,4,｛華碩 PRO WS W680-ACE IPMI｝ATX/1A1H1P/雙2.5G/註四年附華碩IPMI擴展卡,13990
2026-08-19,21:36,7,｛華碩 Pro WS W790-ACE｝CEB/8*DDR5/10G+2.5G/註四年 IPMI遠程管理,27990
2026-08-19,21:36,8,｛華碩 Pro WS W790E-SAGE SE｝EEB/8*DDR5/雙10G+LAN 1G 14+1+1功率級,39990
2026-08-19,21:36,417,｛華碩 PRO WS WRX80E-SAGE SE WIFI II｝EEB/2*Intel 10G/無線/註四年/8DIMM,19990
2026-08-19,21:36,420,｛華碩 PRO WS TRX50-SAGE WIFI A｝CEB/10G+2.5G+Wi-Fi7/註四年,23990
2026-08-19,21:36,421,｛華碩 PRO WS TRX50-SAGE WIFI｝CEB/10G+2.5G+Wi-Fi7/註四年 36相,25990
2026-08-19,21:36,422,｛技嘉 TRX50 AI TOP-2B｝E-ATX/雙10G+Wi-Fi7/註五年 16+8+4相,29990
2026-08-19,21:36,423,｛華擎 TRX50 WS｝E-ATX/10G+2.5G+無線/註五年 18+3+3 電源相,22990
2026-08-19,21:36,426,｛華碩 PRO WS WRX90E-SAGE SE｝EEB/2*Intel 10G+LAN 1G/註四年/8DIMM,39990
2026-08-19,21:36,427,｛華擎 WRX90 WS EVO｝EEB/2*Intel 10G/註五年/8DIMM 18+3+3 電源相,38990
2026-08-20,10:16,3,｛華碩 PRO WS W680-ACE｝ATX/1A1H1P/雙2.5G/註四年 穩定.可靠性高,9990
2026-08-20,10:16,4,｛華碩 PRO WS W680-ACE IPMI｝ATX/1A1H1P/雙2.5G/註四年附華碩IPMI擴展卡,13990
2026-08-20,10:16,7,｛華碩 Pro WS W790-ACE｝CEB/8*DDR5/10G+2.5G/註四年 IPMI遠程管理,27990
2026-08-20,10:16,8,｛華碩 Pro WS W790E-SAGE SE｝EEB/8*DDR5/雙10G+LAN 1G 14+1+1功率級,39990
2026-08-20,10:16,417,｛華碩 PRO WS WRX80E-SAGE SE WIFI II｝EEB/2*Intel 10G/無線/註四年/8DIMM,19990
2026-08-20,10:16,420,｛華碩 PRO WS TRX50-SAGE WIFI A｝CEB/10G+2.5G+Wi-Fi7/註四年,23990
2026-08-20,10:16,421,｛華碩 PRO WS TRX50-SAGE WIFI｝CEB/10G+2.5G+Wi-Fi7/註四年 36相,25990
2026-08-20,10:16,422,｛技嘉 TRX50 AI TOP-2B｝E-ATX/雙10G+Wi-Fi7/註五年 16+8+4相,29990
2026-08-20,10:16,423,｛華擎 TRX50 WS｝E-ATX/10G+2.5G+無線/註五年 18+3+3 電源相,22990
2026-08-20,10:16,426,｛華碩 PRO WS WRX90E-SAGE SE｝EEB/2*Intel 10G+LAN 1G/註四年/8DIMM,39990
2026-08-20,10:16,427,｛華擎 WRX90 WS EVO｝EEB/2*Intel 10G/註五年/8DIMM 18+3+3 電源相,38990
2026-08-20,21:38,3,｛華碩 PRO WS W680-ACE｝ATX/1A1H1P/雙2.5G/註四年 穩定.可靠性高,9990
2026-08-20,21:38,4,｛華碩 PRO WS W680-ACE IPMI｝ATX/1A1H1P/雙2.5G/註四年附華碩IPMI擴展卡,13990
2026-08-20,21:38,8,｛華碩 Pro WS W790-ACE｝CEB/8*DDR5/10G+2.5G/註四年/IPMI遠程管理,27990
2026-08-20,21:38,9,｛華碩 Pro WS W790E-SAGE SE｝EEB/8*DDR5/雙10G+LAN 1G/14+1+1功率級,39990
2026-08-20,21:38,419,｛華碩 PRO WS WRX80E-SAGE SE WIFI II｝EEB/2*Intel 10G/無線/註四年/8DIMM,19990
2026-08-20,21:38,422,｛華碩 PRO WS TRX50-SAGE WIFI A｝CEB/10G+2.5G+Wi-Fi7/註四年,23990
2026-08-20,21:38,423,｛華碩 PRO WS TRX50-SAGE WIFI｝CEB/10G+2.5G+Wi-Fi7/註四年 36相,25990
2026-08-20,21:38,424,｛技嘉 TRX50 AI TOP-2B｝E-ATX/雙10G+Wi-Fi7/註五年/16+8+4相,29990
2026-08-20,21:38,425,｛華擎 TRX50 WS｝E-ATX/10G+2.5G+無線/註五年/18+3+3 電源相,22990
2026-08-20,21:38,428,｛華碩 PRO WS WRX90E-SAGE SE｝EEB/2*Intel 10G+LAN 1G/註四年/8DIMM,39990
2026-08-20,21:38,429,｛華擎 WRX90 WS EVO｝EEB/2*Intel 10G/註五年/8DIMM/18+3+3 電源相,38990
2026-08-21,10:22,3,｛華碩 PRO WS W680-ACE｝ATX/1A1H1P/雙2.5G/註四年 穩定.可靠性高,9990
2026-08-21,10:22,4,｛華碩 PRO WS W680-ACE IPMI｝ATX/1A1H1P/雙2.5G/註四年附華碩IPMI擴展卡,13990
2026-08-21,10:22,8,｛華碩 Pro WS W790-ACE｝CEB/8*DDR5/10G+2.5G/註四年/IPMI遠程管理,27990
2026-08-21,10:22,9,｛華碩 Pro WS W790E-SAGE SE｝EEB/8*DDR5/雙10G+LAN 1G/14+1+1功率級,39990
2026-08-21,10:22,419,｛華碩 PRO WS WRX80E-SAGE SE WIFI II｝EEB/2*Intel 10G/無線/註四年/8DIMM,19990
2026-08-21,10:22,422,｛華碩 PRO WS TRX50-SAGE WIFI A｝CEB/10G+2.5G+Wi-Fi7/註四年,23990
2026-08-21,10:22,423,｛華碩 PRO WS TRX50-SAGE WIFI｝CEB/10G+2.5G+Wi-Fi7/註四年 36相,25990
2026-08-21,10:22,424,｛技嘉 TRX50 AI TOP-2B｝E-ATX/雙10G+Wi-Fi7/註五年/16+8+4相,29990
2026-08-21,10:22,425,｛華擎 TRX50 WS｝E-ATX/10G+2.5G+無線/註五年/18+3+3 電源相,22990
2026-08-21,10:22,428,｛華碩 PRO WS WRX90E-SAGE SE｝EEB/2*Intel 10G+LAN 1G/註四年/8DIMM,39990
2026-08-21,10:22,429,｛華擎 WRX90 WS EVO｝EEB/2*Intel 10G/註五年/8DIMM/18+3+3 電源相,38990
2026-08-21,21:37,3,｛華碩 PRO WS W680-ACE｝ATX/1A1H1P/雙2.5G/註四年 穩定.可靠性高,9990
2026-08-21,21:37,4,｛華碩 PRO WS W680-ACE IPMI｝ATX/1A1H1P/雙2.5G/註四年附華碩IPMI擴展卡,13990
2026-08-21,21:37,8,｛華碩 Pro WS W790-ACE｝CEB/8*DDR5/10G+2.5G/註四年/IPMI遠程管理,27990
2026-08-21,21:37,9,｛華碩 Pro WS W790E-SAGE SE｝EEB/8*DDR5/雙10G+LAN 1G/14+1+1功率級,39990
2026-08-21,21:37,419,｛華碩 PRO WS WRX80E-SAGE SE WIFI II｝EEB/2*Intel 10G/無線/註四年/8DIMM,19990
2026-08-21,21:37,422,｛華碩 PRO WS TRX50-SAGE WIFI A｝CEB/10G+2.5G+Wi-Fi7/註四年,23990
2026-08-21,21:37,423,｛華碩 PRO WS TRX50-SAGE WIFI｝CEB/10G+2.5G+Wi-Fi7/註四年 36相,25990
2026-08-21,21:37,424,｛技嘉 TRX50 AI TOP-2B｝E-ATX/雙10G+Wi-Fi7/註五年/16+8+4相,29990
2026-08-21,21:37,425,｛華擎 TRX50 WS｝E-ATX/10G+2.5G+無線/註五年/18+3+3 電源相,22990
2026-08-21,21:37,428,｛華碩 PRO WS WRX90E-SAGE SE｝EEB/2*Intel 10G+LAN 1G/註四年/8DIMM,39990
2026-08-21,21:37,429,｛華擎 WRX90 WS EVO｝EEB/2*Intel 10G/註五年/8DIMM/18+3+3 電源相,38990
2026-08-22,10:15,3,｛華碩 PRO WS W680-ACE｝ATX/1A1H1P/雙2.5G/註四年 穩定.可靠性高,9990
2026-08-22,10:15,4,｛華碩 PRO WS W680-ACE IPMI｝ATX/1A1H1P/雙2.5G/註四年附華碩IPMI擴展卡,13990
2026-08-22,10:15,8,｛華碩 Pro WS W790-ACE｝CEB/8*DDR5/10G+2.5G/註四年/IPMI遠程管理,27990
2026-08-22,10:15,9,｛華碩 Pro WS W790E-SAGE SE｝EEB/8*DDR5/雙10G+LAN 1G/14+1+1功率級,39990
2026-08-22,10:15,419,｛華碩 PRO WS WRX80E-SAGE SE WIFI II｝EEB/2*Intel 10G/無線/註四年/8DIMM,19990
2026-08-22,10:15,422,｛華碩 PRO WS TRX50-SAGE WIFI A｝CEB/10G+2.5G+Wi-Fi7/註四年,23990
2026-08-22,10:15,423,｛華碩 PRO WS TRX50-SAGE WIFI｝CEB/10G+2.5G+Wi-Fi7/註四年 36相,25990
2026-08-22,10:15,424,｛技嘉 TRX50 AI TOP-2B｝E-ATX/雙10G+Wi-Fi7/註五年/16+8+4相,29990
2026-08-22,10:15,425,｛華擎 TRX50 WS｝E-ATX/10G+2.5G+無線/註五年/18+3+3 電源相,22990
2026-08-22,10:15,428,｛華碩 PRO WS WRX90E-SAGE SE｝EEB/2*Intel 10G+LAN 1G/註四年/8DIMM,39990
2026-08-22,10:15,429,｛華擎 WRX90 WS EVO｝EEB/2*Intel 10G/註五年/8DIMM/18+3+3 電源相,38990
