產品ID,產品名稱,目前價格,熱賣,原始文字
3,｛UMAX 單條8GB DDR5-5600｝/CL46,3550,,"｛UMAX 單條8GB DDR5-5600｝/CL46, $3550 ◆ ★"
4,｛UMAX 單條16GB DDR5-5600｝/CL46,6300,是,"｛UMAX 單條16GB DDR5-5600｝/CL46, $6300 ◆ ★ 熱賣"
5,｛UMAX 單條32GB DDR5-5600｝/CL46,12600,是,"｛UMAX 單條32GB DDR5-5600｝/CL46, $12600 ◆ ★ 熱賣"
6,威剛 單條8GB DDR5-5600/CL46｛AD5U56008G-S｝,3999,,"威剛 單條8GB DDR5-5600/CL46｛AD5U56008G-S｝, $3999 ◆ ★"
7,威剛 單條16GB DDR5-4000/CL32｛AD5U400016G-S｝,5499,是,"威剛 單條16GB DDR5-4000/CL32｛AD5U400016G-S｝, $5499 ◆ ★ 熱賣"
8,威剛 單條16GB DDR5-4800/CL40｛AD5U480016G-S｝,5999,,"威剛 單條16GB DDR5-4800/CL40｛AD5U480016G-S｝, $5999 ◆ ★"
9,威剛 單條16GB DDR5-5600/CL46｛AD5U560016G-S｝,6999,,"威剛 單條16GB DDR5-5600/CL46｛AD5U560016G-S｝, $6999 ◆ ★"
10,威剛 單條16GB DDR5-5600/CL46 LancerBlade矮 黑｛AX5U5600C4616G-SLABBK｝,7299,,"威剛 單條16GB DDR5-5600/CL46 LancerBlade矮 黑｛AX5U5600C4616G-SLABBK｝, $7299 ◆ ★"
11,威剛 單條16GB DDR5-6000/CL48 LancerBlade矮 黑｛AX5U6000C4816G-SLABBK｝,7499,,"威剛 單條16GB DDR5-6000/CL48 LancerBlade矮 黑｛AX5U6000C4816G-SLABBK｝, $7499 ◆ ★"
12,威剛 單條32GB DDR5-5600/CL46｛AD5U560032G-S｝,13599,是,"威剛 單條32GB DDR5-5600/CL46｛AD5U560032G-S｝, $13599 ◆ ★ 熱賣"
13,｛金士頓 單條16GB DDR5-5600｝/CL46,7500,,"｛金士頓 單條16GB DDR5-5600｝/CL46, $7500 ◆ ★"
14,｛金士頓 單條32GB DDR5-5600｝/CL46,15500,,"｛金士頓 單條32GB DDR5-5600｝/CL46, $15500 ◆ ★"
15,｛金士頓 單條8GB DDR5-5600｝(CL36) FURY Beast (獸獵者),4800,,"｛金士頓 單條8GB DDR5-5600｝(CL36) FURY Beast (獸獵者), $4800 ◆ ★"
16,｛金士頓 單條16GB DDR5-5600｝(CL36) FURY Beast (獸獵者),7550,,"｛金士頓 單條16GB DDR5-5600｝(CL36) FURY Beast (獸獵者), $7550 ◆ ★"
17,｛金士頓 單條16GB DDR5-6000｝(CL30) FURY Beast Black (獸獵者),8800,,"｛金士頓 單條16GB DDR5-6000｝(CL30) FURY Beast Black (獸獵者), $8800 ◆ ★"
18,｛KLEVV(科賦) 單條16GB DDR5-5600｝/CL46,6250,,"｛KLEVV(科賦) 單條16GB DDR5-5600｝/CL46, $6250 ◆ ★"
19,｛美光 Micron Crucial 單條32GB DDR5 5600｝/CL46 (原生顆粒),13999,,"｛美光 Micron Crucial 單條32GB DDR5 5600｝/CL46 (原生顆粒), $13999 ◆ ★"
21,｛UMAX 16GB(雙通8GB*2) DDR5 5600｝/CL46 含散熱片,6999,,"｛UMAX 16GB(雙通8GB*2) DDR5 5600｝/CL46 含散熱片, $6999 ◆ ★"
22,｛UMAX 32GB(雙通16GB*2) DDR5 5600｝/CL46 含散熱片,12300,,"｛UMAX 32GB(雙通16GB*2) DDR5 5600｝/CL46 含散熱片, $12300 ◆ ★"
23,｛UMAX 64GB(雙通32GB*2) DDR5 5600｝/CL46 含散熱片,25200,,"｛UMAX 64GB(雙通32GB*2) DDR5 5600｝/CL46 含散熱片, $25200 ◆ ★"
24,｛UMAX 64GB(雙通32GB*2) DDR5 6000｝/CL30 含散熱片,28500,,"｛UMAX 64GB(雙通32GB*2) DDR5 6000｝/CL30 含散熱片, $28500 ◆ ★"
25,威剛 32G(雙通16G*2)D5-5600/CL46 LancerBlade矮 黑｛AX5U5600C4616G-DTLABBK｝,14599,是,"威剛 32G(雙通16G*2)D5-5600/CL46 LancerBlade矮 黑｛AX5U5600C4616G-DTLABBK｝, $14599 ◆ ★ 熱賣"
26,威剛 32G(雙通16G*2)D5-5600/CL46 LancerBlade矮 黑｛AX5U5600C4616G-DTLABBK｝~組裝價,12799,是,"威剛 32G(雙通16G*2)D5-5600/CL46 LancerBlade矮 黑｛AX5U5600C4616G-DTLABBK｝~組裝價, $12799 ◆ ★ 熱賣"
27,威剛 32G(雙通16G*2)D5-5600/CL46 LancerBlade矮 白｛AX5U5600C4616G-DTLABWH｝,14599,是,"威剛 32G(雙通16G*2)D5-5600/CL46 LancerBlade矮 白｛AX5U5600C4616G-DTLABWH｝, $14599 ◆ ★ 熱賣"
28,威剛 32G(雙通16G*2)D5-5600/CL46 LancerBlade矮 白｛AX5U5600C4616G-DTLABWH｝~組裝價,12799,是,"威剛 32G(雙通16G*2)D5-5600/CL46 LancerBlade矮 白｛AX5U5600C4616G-DTLABWH｝~組裝價, $12799 ◆ ★ 熱賣"
29,威剛 32G(雙通16G*2)D5-6000/CL48 LancerBlade矮 黑｛AX5U6000C4816G-DTLABBK｝,14999,是,"威剛 32G(雙通16G*2)D5-6000/CL48 LancerBlade矮 黑｛AX5U6000C4816G-DTLABBK｝, $14999 ◆ ★ 熱賣"
30,威剛 32G(雙通16G*2)D5-6000/CL48 LancerBlade矮 白｛AX5U6000C4816G-DTLABWH｝,14999,是,"威剛 32G(雙通16G*2)D5-6000/CL48 LancerBlade矮 白｛AX5U6000C4816G-DTLABWH｝, $14999 ◆ ★ 熱賣"
31,威剛 32G(雙通16G*2)D5-6000/CL36 LancerBlade矮 黑｛AX5U6000C3616G-DTLABBK｝,15999,,"威剛 32G(雙通16G*2)D5-6000/CL36 LancerBlade矮 黑｛AX5U6000C3616G-DTLABBK｝, $15999 ◆ ★"
32,威剛 32G(雙通16G*2)D5-6000/CL36 LancerBlade矮 白｛AX5U6000C3616G-DTLABWH｝,15999,,"威剛 32G(雙通16G*2)D5-6000/CL36 LancerBlade矮 白｛AX5U6000C3616G-DTLABWH｝, $15999 ◆ ★"
33,威剛 32G(雙通16G*2)D5-6000/CL30 LancerBlade矮 黑｛AX5U6000C3016G-DTLABBK｝,16999,是,"威剛 32G(雙通16G*2)D5-6000/CL30 LancerBlade矮 黑｛AX5U6000C3016G-DTLABBK｝, $16999 ◆ ★ 熱賣"
34,威剛 32G(雙通16G*2)D5-6000/CL30 LancerBlade矮 白｛AX5U6000C3016G-DTLABWH｝,16999,是,"威剛 32G(雙通16G*2)D5-6000/CL30 LancerBlade矮 白｛AX5U6000C3016G-DTLABWH｝, $16999 ◆ ★ 熱賣"
35,威剛 32G(雙通16G*2)D5-6000/CL28 LancerBlade矮 白｛AX5U6000C2816G-DTLABWH｝,15799,是,"威剛 32G(雙通16G*2)D5-6000/CL28 LancerBlade矮 白｛AX5U6000C2816G-DTLABWH｝, $15799 ◆ ★ 熱賣"
36,威剛 32G(雙通16G*2)D5-6000/CL36 LancerBlade矮RGB黑｛AX5U6000C3616G-DTLABRBK｝,16299,,"威剛 32G(雙通16G*2)D5-6000/CL36 LancerBlade矮RGB黑｛AX5U6000C3616G-DTLABRBK｝, $16299 ◆ ★"
37,威剛 32G(雙通16G*2)D5-6000/CL36 LancerBlade矮RGB白｛AX5U6000C3616G-DTLABRWH｝,16299,,"威剛 32G(雙通16G*2)D5-6000/CL36 LancerBlade矮RGB白｛AX5U6000C3616G-DTLABRWH｝, $16299 ◆ ★"
38,威剛 32G(雙通16G*2)D5-6000/CL30 LancerBlade矮RGB黑｛AX5U6000C3016G-DTLABRBK｝,17299,,"威剛 32G(雙通16G*2)D5-6000/CL30 LancerBlade矮RGB黑｛AX5U6000C3016G-DTLABRBK｝, $17299 ◆ ★"
39,威剛 32G(雙通16G*2)D5-6000/CL30 LancerBlade矮RGB白｛AX5U6000C3016G-DTLABRWH｝,17299,,"威剛 32G(雙通16G*2)D5-6000/CL30 LancerBlade矮RGB白｛AX5U6000C3016G-DTLABRWH｝, $17299 ◆ ★"
40,威剛 32G(雙通16G*2)D5-5600/CL36 Lancer黑｛AX5U5600C3616G-DCLABK｝,13800,,"威剛 32G(雙通16G*2)D5-5600/CL36 Lancer黑｛AX5U5600C3616G-DCLABK｝, $13800 ◆ ★"
41,威剛 32G(雙通16G*2)D5-6000/CL30 Lancer黑｛AX5U6000C3016G-DCLABK｝,17299,,"威剛 32G(雙通16G*2)D5-6000/CL30 Lancer黑｛AX5U6000C3016G-DCLABK｝, $17299 ◆ ★"
42,威剛 32G(雙通16G*2)D5-6000/CL30 Lancer黑｛AX5U6000C3016G-DCLABK｝~組裝價,15299,,"威剛 32G(雙通16G*2)D5-6000/CL30 Lancer黑｛AX5U6000C3016G-DCLABK｝~組裝價, $15299 ◆ ★"
43,威剛 32G(雙通16G*2)D5-6000/CL30 Lancer白｛AX5U6000C3016G-DCLAWH｝,17299,,"威剛 32G(雙通16G*2)D5-6000/CL30 Lancer白｛AX5U6000C3016G-DCLAWH｝, $17299 ◆ ★"
44,威剛 32G(雙通16G*2)D5-6000/CL30 Lancer白｛AX5U6000C3016G-DCLAWH｝~組裝價,15299,,"威剛 32G(雙通16G*2)D5-6000/CL30 Lancer白｛AX5U6000C3016G-DCLAWH｝~組裝價, $15299 ◆ ★"
45,威剛 32G(雙通16G*2)D5-6000/CL30 Lancer RGB黑｛AX5U6000C3016G-DCLARBK｝,17499,,"威剛 32G(雙通16G*2)D5-6000/CL30 Lancer RGB黑｛AX5U6000C3016G-DCLARBK｝, $17499 ◆ ★"
46,威剛 32G(雙通16G*2)D5-6000/CL30 Lancer RGB白｛AX5U6000C3016G-DCLARWH｝,17499,,"威剛 32G(雙通16G*2)D5-6000/CL30 Lancer RGB白｛AX5U6000C3016G-DCLARWH｝, $17499 ◆ ★"
47,威剛 32G(雙通16G*2)D5-6000/CL28 Lancer RGB黑｛AX5U6000C2816G-DCLARBK｝,17499,,"威剛 32G(雙通16G*2)D5-6000/CL28 Lancer RGB黑｛AX5U6000C2816G-DCLARBK｝, $17499 ◆ ★"
48,威剛 32G(雙通16G*2)D5-6400/CL32 LancerBlade矮 黑｛AX5U6400C3216G-DTLABBK｝,16999,,"威剛 32G(雙通16G*2)D5-6400/CL32 LancerBlade矮 黑｛AX5U6400C3216G-DTLABBK｝, $16999 ◆ ★"
49,威剛 64G(雙通32G*2)D5-5600/CL46 LancerBlade矮 黑｛AX5U5600C4632G-DTLABBK｝,26999,,"威剛 64G(雙通32G*2)D5-5600/CL46 LancerBlade矮 黑｛AX5U5600C4632G-DTLABBK｝, $26999 ◆ ★"
50,威剛 64G(雙通32G*2)D5-6000/CL30 LancerBlade矮 黑｛AX5U6000C3032G-DTLABBK｝,35999,是,"威剛 64G(雙通32G*2)D5-6000/CL30 LancerBlade矮 黑｛AX5U6000C3032G-DTLABBK｝, $35999 ◆ ★ 熱賣"
51,威剛 64G(雙通32G*2)D5-6000/CL30 LancerBlade矮 白｛AX5U6000C3032G-DTLABWH｝,35999,是,"威剛 64G(雙通32G*2)D5-6000/CL30 LancerBlade矮 白｛AX5U6000C3032G-DTLABWH｝, $35999 ◆ ★ 熱賣"
52,威剛 64G(雙通32G*2)D5-6000/CL30 LancerBlade矮RGB黑｛AX5U6000C3032G-DTLABRBK｝,36299,,"威剛 64G(雙通32G*2)D5-6000/CL30 LancerBlade矮RGB黑｛AX5U6000C3032G-DTLABRBK｝, $36299 ◆ ★"
53,威剛 64G(雙通32G*2)D5-6000/CL30 LancerBlade矮RGB白｛AX5U6000C3032G-DTLABRWH｝,36299,,"威剛 64G(雙通32G*2)D5-6000/CL30 LancerBlade矮RGB白｛AX5U6000C3032G-DTLABRWH｝, $36299 ◆ ★"
54,威剛 64G(雙通32G*2)D5-6000/CL30 Lancer黑｛AX5U6000C3032G-DCLABK｝,36499,,"威剛 64G(雙通32G*2)D5-6000/CL30 Lancer黑｛AX5U6000C3032G-DCLABK｝, $36499 ◆ ★"
55,威剛 64G(雙通32G*2)D5-6000/CL30 Lancer白｛AX5U6000C3032G-DCLAWH｝,36499,,"威剛 64G(雙通32G*2)D5-6000/CL30 Lancer白｛AX5U6000C3032G-DCLAWH｝, $36499 ◆ ★"
56,威剛 64G(雙通32G*2)D5-6000/CL30 Lancer RGB黑｛AX5U6000C3032G-DCLARBK｝,36699,,"威剛 64G(雙通32G*2)D5-6000/CL30 Lancer RGB黑｛AX5U6000C3032G-DCLARBK｝, $36699 ◆ ★"
57,威剛 64G(雙通32G*2)D5-6000/CL30 Lancer RGB白｛AX5U6000C3032G-DCLARWH｝,36699,,"威剛 64G(雙通32G*2)D5-6000/CL30 Lancer RGB白｛AX5U6000C3032G-DCLARWH｝, $36699 ◆ ★"
58,｛Biwin 佰維 Black Opal HX100 48GB(雙通24GBx2) DDR5-6000｝CL28 黑,21490,,"｛Biwin 佰維 Black Opal HX100 48GB(雙通24GBx2) DDR5-6000｝CL28 黑, $21490 ◆ ★"
59,｛Biwin 佰維 Black Opal DW100 RGB 32GB(雙通16GBx2) DDR5-6000｝CL28 黑,15990,,"｛Biwin 佰維 Black Opal DW100 RGB 32GB(雙通16GBx2) DDR5-6000｝CL28 黑, $15990 ◆ ★"
60,｛Biwin 佰維 Black Opal DW100 RGB 48GB(雙通24GBx2) DDR5-6000｝CL28 黑,21890,,"｛Biwin 佰維 Black Opal DW100 RGB 48GB(雙通24GBx2) DDR5-6000｝CL28 黑, $21890 ◆ ★"
61,｛Biwin 佰維 Black Opal DW100 RGB 48GB(雙通24GBx2) DDR5-6000｝CL28 白,21800,,"｛Biwin 佰維 Black Opal DW100 RGB 48GB(雙通24GBx2) DDR5-6000｝CL28 白, $21800 ◆ ★"
62,｛Origin code Vortex RGB 32GB(雙通16GBx2) DDR5-6200｝(CL26)銀(獨立風扇),18690,,"｛Origin code Vortex RGB 32GB(雙通16GBx2) DDR5-6200｝(CL26)銀(獨立風扇), $18690 ◆ ★"
63,｛Origin code Vortex RGB 48GB(雙通24GBx2) DDR5-6000｝(CL26)銀(獨立風扇),28490,是,"｛Origin code Vortex RGB 48GB(雙通24GBx2) DDR5-6000｝(CL26)銀(獨立風扇), $28490 ◆ ★ 熱賣"
64,｛KLEVV(科賦)64GB(雙通道32GB*2)DDR5 6000/CL30 CRAS V RGB｝曜石黑,27950,是,"｛KLEVV(科賦)64GB(雙通道32GB*2)DDR5 6000/CL30 CRAS V RGB｝曜石黑, $27950 ◆ ★ 熱賣"
65,｛KLEVV(科賦)64GB(雙通道32GB*2)DDR5 6000/CL30 CRAS V RGB｝晶燦白,27950,,"｛KLEVV(科賦)64GB(雙通道32GB*2)DDR5 6000/CL30 CRAS V RGB｝晶燦白, $27950 ◆ ★"
66,｛KLEVV(科賦)32GB(雙通道16GB*2) DDR5 6400/CL32 CRAS V RGB｝曜石黑,14150,,"｛KLEVV(科賦)32GB(雙通道16GB*2) DDR5 6400/CL32 CRAS V RGB｝曜石黑, $14150 ◆ ★"
67,｛KLEVV(科賦)64GB(雙通道32GB*2) DDR5 6400/CL32 CRAS V RGB｝曜石黑,28300,是,"｛KLEVV(科賦)64GB(雙通道32GB*2) DDR5 6400/CL32 CRAS V RGB｝曜石黑, $28300 ◆ ★ 熱賣"
68,｛KLEVV(科賦)64GB(雙通道32GB*2) DDR5 6400/CL32 CRAS V RGB｝晶燦白,28300,,"｛KLEVV(科賦)64GB(雙通道32GB*2) DDR5 6400/CL32 CRAS V RGB｝晶燦白, $28300 ◆ ★"
69,｛KLEVV(科賦)32GB(雙通16GB*2) DDR5 6400/CL32 URBANE V RGB｝(低矮散熱),14150,,"｛KLEVV(科賦)32GB(雙通16GB*2) DDR5 6400/CL32 URBANE V RGB｝(低矮散熱), $14150 ◆ ★"
70,｛KLEVV(科賦)48GB(雙通24GB*2) DDR5 6400/CL32 URBANE V RGB｝(低矮散熱),19550,,"｛KLEVV(科賦)48GB(雙通24GB*2) DDR5 6400/CL32 URBANE V RGB｝(低矮散熱), $19550 ◆ ★"
71,｛金士頓 32GB(雙通16GB*2) DDR5-5600/CL36 FURY Beast｝黑,16000,,"｛金士頓 32GB(雙通16GB*2) DDR5-5600/CL36 FURY Beast｝黑, $16000 ◆ ★"
72,｛金士頓 32GB(雙通16GB*2) DDR5-5600/CL36 FURY Beast｝白,16000,,"｛金士頓 32GB(雙通16GB*2) DDR5-5600/CL36 FURY Beast｝白, $16000 ◆ ★"
73,｛金士頓 32GB(雙通16GB*2) DDR5-5600/CL36 FURY Beast RGB｝黑,16200,,"｛金士頓 32GB(雙通16GB*2) DDR5-5600/CL36 FURY Beast RGB｝黑, $16200 ◆ ★"
74,｛金士頓 32GB(雙通16GB*2) DDR5-6000/CL30 FURY Beast｝黑 (獸獵者),17500,,"｛金士頓 32GB(雙通16GB*2) DDR5-6000/CL30 FURY Beast｝黑 (獸獵者), $17500 ◆ ★"
75,｛金士頓 32GB(雙通16GB*2) DDR5-6000/CL30 FURY Beast｝白 (獸獵者),17500,,"｛金士頓 32GB(雙通16GB*2) DDR5-6000/CL30 FURY Beast｝白 (獸獵者), $17500 ◆ ★"
76,｛金士頓 32GB(雙通16GB*2) DDR5-6000/CL30 FURY Beast RGB｝黑,17700,,"｛金士頓 32GB(雙通16GB*2) DDR5-6000/CL30 FURY Beast RGB｝黑, $17700 ◆ ★"
77,｛金士頓 64GB(雙通32GB*2) DDR5-5600/CL36 FURY Beast｝黑 (獸獵者),30600,,"｛金士頓 64GB(雙通32GB*2) DDR5-5600/CL36 FURY Beast｝黑 (獸獵者), $30600 ◆ ★"
78,｛金士頓 64GB(雙通32GB*2) DDR5-5600/CL36 FURY Beast｝白 (獸獵者),30600,,"｛金士頓 64GB(雙通32GB*2) DDR5-5600/CL36 FURY Beast｝白 (獸獵者), $30600 ◆ ★"
79,｛金士頓 64GB(雙通32GB*2) DDR5-6000/CL30 FURY Beast｝黑 (獸獵者),33900,,"｛金士頓 64GB(雙通32GB*2) DDR5-6000/CL30 FURY Beast｝黑 (獸獵者), $33900 ◆ ★"
80,｛金士頓 64GB(雙通32GB*2) DDR5-6000/CL30 FURY Beast｝白 (獸獵者),33900,,"｛金士頓 64GB(雙通32GB*2) DDR5-6000/CL30 FURY Beast｝白 (獸獵者), $33900 ◆ ★"
81,美光｛Micron Crucial 64GB(雙通32GB*2) DDR5 5600｝/CL46(原生顆粒),27999,,"美光｛Micron Crucial 64GB(雙通32GB*2) DDR5 5600｝/CL46(原生顆粒), $27999 ◆ ★"
82,美光｛Micron Crucial PRO 超頻 32GB(雙通16GB*2) DDR5 6000｝/CL36 黑色散熱片,14599,,"美光｛Micron Crucial PRO 超頻 32GB(雙通16GB*2) DDR5 6000｝/CL36 黑色散熱片, $14599 ◆ ★"
83,美光｛Micron Crucial PRO 超頻 32GB(雙通16GB*2) DDR5 6000｝/CL36 白色散熱片,14599,,"美光｛Micron Crucial PRO 超頻 32GB(雙通16GB*2) DDR5 6000｝/CL36 白色散熱片, $14599 ◆ ★"
84,美光｛Micron Crucial PRO 超頻 64GB(雙通32GB*2) DDR5 6000｝/CL40 黑色散熱片,29199,,"美光｛Micron Crucial PRO 超頻 64GB(雙通32GB*2) DDR5 6000｝/CL40 黑色散熱片, $29199 ◆ ★"
85,美光｛Micron Crucial PRO 超頻 64GB(雙通32GB*2) DDR5 6000｝/CL40 白色散熱片,29199,,"美光｛Micron Crucial PRO 超頻 64GB(雙通32GB*2) DDR5 6000｝/CL40 白色散熱片, $29199 ◆ ★"
86,美光｛Micron Crucial PRO 超頻 32GB(雙通16GB*2) DDR5 6400｝/CL38 黑色散熱片,14999,,"美光｛Micron Crucial PRO 超頻 32GB(雙通16GB*2) DDR5 6400｝/CL38 黑色散熱片, $14999 ◆ ★"
87,美光｛Micron Crucial PRO 超頻 32GB(雙通16GB*2) DDR5 6400｝/CL38 白色散熱片,14999,,"美光｛Micron Crucial PRO 超頻 32GB(雙通16GB*2) DDR5 6400｝/CL38 白色散熱片, $14999 ◆ ★"
88,美光｛Micron Crucial PRO 超頻 64GB(雙通32GB*2) DDR5 6400｝/CL40 黑色散熱片,29999,,"美光｛Micron Crucial PRO 超頻 64GB(雙通32GB*2) DDR5 6400｝/CL40 黑色散熱片, $29999 ◆ ★"
89,美光｛Micron Crucial PRO 超頻 64GB(雙通32GB*2) DDR5 6400｝/CL40 白色散熱片,29999,,"美光｛Micron Crucial PRO 超頻 64GB(雙通32GB*2) DDR5 6400｝/CL40 白色散熱片, $29999 ◆ ★"
90,美光｛Micron Crucial PRO 超頻 96GB(雙通48GB*2) DDR5 5600｝/CL46 黑色散熱片,28500,,"美光｛Micron Crucial PRO 超頻 96GB(雙通48GB*2) DDR5 5600｝/CL46 黑色散熱片, $28500 ◆ ★"
91,海盜船 VENGEANCE 32G(16G*2)DDR5-6000/CL36 灰｛CMK32GX5M2E6000Z36｝,15490,,"海盜船 VENGEANCE 32G(16G*2)DDR5-6000/CL36 灰｛CMK32GX5M2E6000Z36｝, $15490 ◆ ★"
92,海盜船 VENGEANCE 32G(16G*2)DDR5-6000/CL36 灰RGB｛CMH32GX5M2E6000Z36｝,15990,,"海盜船 VENGEANCE 32G(16G*2)DDR5-6000/CL36 灰RGB｛CMH32GX5M2E6000Z36｝, $15990 ◆ ★"
93,海盜船 VENGEANCE 32G(16G*2)DDR5-6000/CL30 灰｛CMK32GX5M2B6000Z30｝,17590,,"海盜船 VENGEANCE 32G(16G*2)DDR5-6000/CL30 灰｛CMK32GX5M2B6000Z30｝, $17590 ◆ ★"
94,海盜船 VENGEANCE 32G(16G*2)DDR5-6000/CL30 灰RGB｛CMH32GX5M2B6000Z30K｝,17990,,"海盜船 VENGEANCE 32G(16G*2)DDR5-6000/CL30 灰RGB｛CMH32GX5M2B6000Z30K｝, $17990 ◆ ★"
95,海盜船 VENGEANCE 32G(16G*2)DDR5-6400/CL36 灰｛CMK32GX5M2B6400Z36｝,15490,,"海盜船 VENGEANCE 32G(16G*2)DDR5-6400/CL36 灰｛CMK32GX5M2B6400Z36｝, $15490 ◆ ★"
96,海盜船 VENGEANCE 32G(16G*2)DDR5-6400/CL36 灰RGB｛CMH32GX5M2B6400Z36｝,16990,,"海盜船 VENGEANCE 32G(16G*2)DDR5-6400/CL36 灰RGB｛CMH32GX5M2B6400Z36｝, $16990 ◆ ★"
97,海盜船 VENGEANCE 32G(16G*2)DDR5-6400/CL32 灰｛CMK32GX5M2B6400Z32｝AI,16990,,"海盜船 VENGEANCE 32G(16G*2)DDR5-6400/CL32 灰｛CMK32GX5M2B6400Z32｝AI, $16990 ◆ ★"
98,海盜船 VENGEANCE 32G(16G*2)DDR5-6400/CL32 灰RGB｛CMH32GX5M2B6400Z32｝,17290,,"海盜船 VENGEANCE 32G(16G*2)DDR5-6400/CL32 灰RGB｛CMH32GX5M2B6400Z32｝, $17290 ◆ ★"
99,海盜船 VENGEANCE 64G(32G*2)DDR5-6400/CL42 黑｛CMK64GX5M2B6400C42｝,32900,,"海盜船 VENGEANCE 64G(32G*2)DDR5-6400/CL42 黑｛CMK64GX5M2B6400C42｝, $32900 ◆ ★"
100,海盜船 VENGEANCE 96G(48G*2)DDR5-6000/CL36 灰｛CMK96GX5M2E6000Z36｝,36500,,"海盜船 VENGEANCE 96G(48G*2)DDR5-6000/CL36 灰｛CMK96GX5M2E6000Z36｝, $36500 ◆ ★"
101,海盜船 VENGEANCE 128G(64G*2)DDR5-6000/CL40 黑｛CMK128GX5M2D6000C40｝,81000,,"海盜船 VENGEANCE 128G(64G*2)DDR5-6000/CL40 黑｛CMK128GX5M2D6000C40｝, $81000 ◆ ★"
102,海盜船 VENGEANCE 128G(64G*2)DDR5-6400/CL42 黑｛CMK128GX5M2B6400C42｝,81000,,"海盜船 VENGEANCE 128G(64G*2)DDR5-6400/CL42 黑｛CMK128GX5M2B6400C42｝, $81000 ◆ ★"
103,海盜船 DOMINATOR TITANIUM 32G(16G*2) D5-6000/CL30 灰RGB｛CMP32GX5M2B6000Z30｝,19200,,"海盜船 DOMINATOR TITANIUM 32G(16G*2) D5-6000/CL30 灰RGB｛CMP32GX5M2B6000Z30｝, $19200 ◆ ★"
104,海盜船 DOMINATOR TITANIUM 32G(16G*2) D5-7200/CL34 黑RGB｛CMP32GX5M2X7200C3｝,21990,是,"海盜船 DOMINATOR TITANIUM 32G(16G*2) D5-7200/CL34 黑RGB｛CMP32GX5M2X7200C3｝, $21990 ◆ ★ 熱賣"
105,海盜船 DOMINATOR TITANIUM 32G(16G*2) D5-7200/CL34 白RGB｛CMP32GX5M2X7200C34W｝,21990,是,"海盜船 DOMINATOR TITANIUM 32G(16G*2) D5-7200/CL34 白RGB｛CMP32GX5M2X7200C34W｝, $21990 ◆ ★ 熱賣"
106,芝奇Flare X5 烈焰槍32GB(雙通16G*2)D5-6000 CL28黑｛F5-6000J2836G16GX2-FX5｝,19500,,"芝奇Flare X5 烈焰槍32GB(雙通16G*2)D5-6000 CL28黑｛F5-6000J2836G16GX2-FX5｝, $19500 ◆ ★"
107,芝奇Flare X5 烈焰槍32GB(雙通16G*2)D5-6000 CL28白｛F5-6000J2836G16GX2-FX5W｝,19500,,"芝奇Flare X5 烈焰槍32GB(雙通16G*2)D5-6000 CL28白｛F5-6000J2836G16GX2-FX5W｝, $19500 ◆ ★"
108,芝奇Flare X5烈焰槍 64GB(雙通32G*2)D5-6000/CL30黑｛F5-6000J3040G32GX2-FX5｝,37900,是,"芝奇Flare X5烈焰槍 64GB(雙通32G*2)D5-6000/CL30黑｛F5-6000J3040G32GX2-FX5｝, $37900 ◆ ★ 熱賣"
109,芝奇Flare X5烈焰槍 64GB(雙通32G*2)D5-6000/CL30白｛F5-6000J3040G32GX2-FX5W｝,37900,是,"芝奇Flare X5烈焰槍 64GB(雙通32G*2)D5-6000/CL30白｛F5-6000J3040G32GX2-FX5W｝, $37900 ◆ ★ 熱賣"
110,芝奇Flare X5 烈焰槍64GB(雙通32G*2)D5-6000 CL28黑｛F5-6000J2836G32GX2-FX5｝,38900,,"芝奇Flare X5 烈焰槍64GB(雙通32G*2)D5-6000 CL28黑｛F5-6000J2836G32GX2-FX5｝, $38900 ◆ ★"
111,芝奇Flare X5 烈焰槍128GB(雙通64G*2)D5-6000 CL34黑｛F5-6000J3444F64GX2-FX5｝,85000,,"芝奇Flare X5 烈焰槍128GB(雙通64G*2)D5-6000 CL34黑｛F5-6000J3444F64GX2-FX5｝, $85000 ◆ ★"
112,芝奇 Ripjaws S5焰刃32GB(雙通16G*2)D5-6000/CL36黑｛ F5-6000J3636F16GX2-RS5K｝,15500,,"芝奇 Ripjaws S5焰刃32GB(雙通16G*2)D5-6000/CL36黑｛ F5-6000J3636F16GX2-RS5K｝, $15500 ◆ ★"
113,芝奇 Ripjaws S5焰刃32GB(雙通16G*2)D5-6000/CL30黑｛F5-6000J3040F16GX2-RS5K｝,15500,是,"芝奇 Ripjaws S5焰刃32GB(雙通16G*2)D5-6000/CL30黑｛F5-6000J3040F16GX2-RS5K｝, $15500 ◆ ★ 熱賣"
114,芝奇 Ripjaws S5焰刃64GB(雙通32G*2)D5-6000/C36黑｛F5-6000J3636F32GX2-RS5K｝,29000,,"芝奇 Ripjaws S5焰刃64GB(雙通32G*2)D5-6000/C36黑｛F5-6000J3636F32GX2-RS5K｝, $29000 ◆ ★"
115,芝奇 Ripjaws S5焰刃64GB(雙通32G*2)D5-6000/CL30白｛F5-6000J3040G32GX2-RS5W｝,29000,,"芝奇 Ripjaws S5焰刃64GB(雙通32G*2)D5-6000/CL30白｛F5-6000J3040G32GX2-RS5W｝, $29000 ◆ ★"
116,芝奇 RipjawsM5 RGB焰刃32GB(16G*2)D5-6000/CL36黑｛F5-6000J3636F16GX2-RM5RK｝,16000,,"芝奇 RipjawsM5 RGB焰刃32GB(16G*2)D5-6000/CL36黑｛F5-6000J3636F16GX2-RM5RK｝, $16000 ◆ ★"
117,芝奇 RipjawsM5 RGB焰刃32GB(16G*2)D5-6000/CL36白｛F5-6000J3636F16GX2-RM5RW｝,16000,,"芝奇 RipjawsM5 RGB焰刃32GB(16G*2)D5-6000/CL36白｛F5-6000J3636F16GX2-RM5RW｝, $16000 ◆ ★"
118,芝奇 烈焰槍RGB 64GB(雙通32G*2)D5-6000/CL36黑｛F5-6000J3636F32GX2-RM5NRK｝,34000,,"芝奇 烈焰槍RGB 64GB(雙通32G*2)D5-6000/CL36黑｛F5-6000J3636F32GX2-RM5NRK｝, $34000 ◆ ★"
119,芝奇 烈焰槍RGB 64GB(雙通32G*2)D5-6000/CL36白｛F5-6000J3636F32GX2-RM5NRW｝,34000,,"芝奇 烈焰槍RGB 64GB(雙通32G*2)D5-6000/CL36白｛F5-6000J3636F32GX2-RM5NRW｝, $34000 ◆ ★"
120,芝奇 幻鋒戟RGB 32GB(雙通16G*2) D5-6000/CL30黑｛F5-6000J3040F16GX2-TZ5RK｝,14500,是,"芝奇 幻鋒戟RGB 32GB(雙通16G*2) D5-6000/CL30黑｛F5-6000J3040F16GX2-TZ5RK｝, $14500 ◆ ★ 熱賣"
121,芝奇 幻鋒戟RGB 32GB(雙通16G*2) D5-6400/CL32黑｛F5-6400J3239G16GX2-TZ5RK｝,18000,,"芝奇 幻鋒戟RGB 32GB(雙通16G*2) D5-6400/CL32黑｛F5-6400J3239G16GX2-TZ5RK｝, $18000 ◆ ★"
122,芝奇 幻鋒戟RGB 32GB(雙通16G*2) D5-6400/CL32白｛F5-6400J3239G16GX2-TZ5RW｝,18000,,"芝奇 幻鋒戟RGB 32GB(雙通16G*2) D5-6400/CL32白｛F5-6400J3239G16GX2-TZ5RW｝, $18000 ◆ ★"
123,芝奇 幻鋒戟RGB 32GB(雙通16G*2) D5-7200/CL34黑｛F5-7200J3445G16GX2-TZ5RK｝,14900,,"芝奇 幻鋒戟RGB 32GB(雙通16G*2) D5-7200/CL34黑｛F5-7200J3445G16GX2-TZ5RK｝, $14900 ◆ ★"
124,芝奇 幻鋒戟RGB 32GB(雙通16G*2) D5-7200/CL34白｛F5-7200J3445G16GX2-TZ5RW｝,14900,,"芝奇 幻鋒戟RGB 32GB(雙通16G*2) D5-7200/CL34白｛F5-7200J3445G16GX2-TZ5RW｝, $14900 ◆ ★"
125,芝奇 幻鋒戟RGB 64GB(雙通32G*2) D5-6000/CL30白｛F5-6000J3040G32GX2-TZ5RW｝,29000,,"芝奇 幻鋒戟RGB 64GB(雙通32G*2) D5-6000/CL30白｛F5-6000J3040G32GX2-TZ5RW｝, $29000 ◆ ★"
126,芝奇 幻鋒戟RGB 64GB(雙通32G*2) D5-6400/CL32白｛F5-6400J3239G32GX2-TZ5RW｝,33000,是,"芝奇 幻鋒戟RGB 64GB(雙通32G*2) D5-6400/CL32白｛F5-6400J3239G32GX2-TZ5RW｝, $33000 ◆ ★ 熱賣"
128,芝奇 焰鋒戟RGB 32GB(雙通16GB*2) D5-6000/CL30黑｛F5-6000J3038F16GX2-TZ5NR｝,19400,,"芝奇 焰鋒戟RGB 32GB(雙通16GB*2) D5-6000/CL30黑｛F5-6000J3038F16GX2-TZ5NR｝, $19400 ◆ ★"
129,芝奇 焰鋒戟RGB 64GB(雙通32GB*2)D5-6000/CL30黑｛F5-6000J3040G32GX2-TZ5NR｝,37000,,"芝奇 焰鋒戟RGB 64GB(雙通32GB*2)D5-6000/CL30黑｛F5-6000J3040G32GX2-TZ5NR｝, $37000 ◆ ★"
130,芝奇 焰鋒戟RGB 64GB(雙通32GB*2)D5-6000/CL30白｛F5-6000J3040G32GX2-TZ5NRW｝,37000,是,"芝奇 焰鋒戟RGB 64GB(雙通32GB*2)D5-6000/CL30白｛F5-6000J3040G32GX2-TZ5NRW｝, $37000 ◆ ★ 熱賣"
131,芝奇 焰鋒戟RGB 32GB(雙通16GB*2)D5-6400/CL30黑｛F5-6400J3039G16GX2-TZ5NR｝,19800,,"芝奇 焰鋒戟RGB 32GB(雙通16GB*2)D5-6400/CL30黑｛F5-6400J3039G16GX2-TZ5NR｝, $19800 ◆ ★"
132,芝奇 焰鋒戟RGB 32GB(雙通16GB*2)D5-6400/CL30白｛F5-6400J3039G16GX2-TZ5NRW｝,19800,,"芝奇 焰鋒戟RGB 32GB(雙通16GB*2)D5-6400/CL30白｛F5-6400J3039G16GX2-TZ5NRW｝, $19800 ◆ ★"
133,芝奇 焰鋒戟RGB 32GB(雙通16GB*2)D5-7200/CL34黑｛F5-7200J3445G16GX2-TZ5NR｝,19800,,"芝奇 焰鋒戟RGB 32GB(雙通16GB*2)D5-7200/CL34黑｛F5-7200J3445G16GX2-TZ5NR｝, $19800 ◆ ★"
134,芝奇 焰鋒戟RGB 128GB(雙通64GB*2)D5-6000/CL34黑｛F5-6000J3444F64GX2-TZ5NR｝,86500,,"芝奇 焰鋒戟RGB 128GB(雙通64GB*2)D5-6000/CL34黑｛F5-6000J3444F64GX2-TZ5NR｝, $86500 ◆ ★"
135,芝奇 皇家戟RGB 64GB(雙通32GB*2)D5-6000/CL28銀｛F5-6000J2836G32GX2-TR5NS｝,42900,,"芝奇 皇家戟RGB 64GB(雙通32GB*2)D5-6000/CL28銀｛F5-6000J2836G32GX2-TR5NS｝, $42900 ◆ ★"
136,芝奇 皇家戟RGB 32GB(雙通16GB*2)D5-7200/CL34銀｛F5-7200J3445G16GX2-TR5S｝,19900,,"芝奇 皇家戟RGB 32GB(雙通16GB*2)D5-7200/CL34銀｛F5-7200J3445G16GX2-TR5S｝, $19900 ◆ ★"
138,｛UMAX NB 16GB DDR5 4800｝/CL40,5999,,"｛UMAX NB 16GB DDR5 4800｝/CL40, $5999 ◆ ★"
139,｛UMAX NB 32GB DDR5 4800｝/CL40,11000,,"｛UMAX NB 32GB DDR5 4800｝/CL40, $11000 ◆ ★"
140,｛UMAX NB 8GB DDR5 5600｝/CL46,3700,,"｛UMAX NB 8GB DDR5 5600｝/CL46, $3700 ◆ ★"
141,｛UMAX NB 16GB DDR5 5600｝/CL46,6300,是,"｛UMAX NB 16GB DDR5 5600｝/CL46, $6300 ◆ ★ 熱賣"
142,｛UMAX NB 32GB DDR5 5600｝/CL46,12500,,"｛UMAX NB 32GB DDR5 5600｝/CL46, $12500 ◆ ★"
143,威剛 NB 32GB DDR5-4800/CL40｛AD5S480032G-S｝,11000,是,"威剛 NB 32GB DDR5-4800/CL40｛AD5S480032G-S｝, $11000 ◆ ★ 熱賣"
144,威剛 NB 8GB DDR5-5600/CL46｛AD5S56008G-S｝,3999,,"威剛 NB 8GB DDR5-5600/CL46｛AD5S56008G-S｝, $3999 ◆ ★"
145,威剛 NB 16GB DDR5-5600/CL46｛AD5S560016G-S｝,6999,,"威剛 NB 16GB DDR5-5600/CL46｛AD5S560016G-S｝, $6999 ◆ ★"
146,威剛 NB 32GB DDR5-5600/CL46｛AD5S560032G-S｝,13599,,"威剛 NB 32GB DDR5-5600/CL46｛AD5S560032G-S｝, $13599 ◆ ★"
147,金士頓 NB 16GB DDR5 5600｛KVR56S46BS8-16｝/CL46,7800,,"金士頓 NB 16GB DDR5 5600｛KVR56S46BS8-16｝/CL46, $7800 ◆ ★"
148,金士頓 NB 32GB DDR5 5600｛KVR56S46BD8-32｝/CL46,14700,,"金士頓 NB 32GB DDR5 5600｛KVR56S46BD8-32｝/CL46, $14700 ◆ ★"
149,美光｛Micron Crucial NB 16GB DDR5 5600｝/CL46,6999,,"美光｛Micron Crucial NB 16GB DDR5 5600｝/CL46, $6999 ◆ ★"
150,美光｛Micron Crucial NB 32GB DDR5 5600｝/CL46,13999,是,"美光｛Micron Crucial NB 32GB DDR5 5600｝/CL46, $13999 ◆ ★ 熱賣"
151,美光｛Micron Crucial NB 64GB DDR5 5600｝/CL46,27999,,"美光｛Micron Crucial NB 64GB DDR5 5600｝/CL46, $27999 ◆ ★"
153,美光｛Micron Crucial NB 雙通16G*2 DDR5 5600｝/CL46,13999,,"美光｛Micron Crucial NB 雙通16G*2 DDR5 5600｝/CL46, $13999 ◆ ★"
154,美光｛Micron Crucial NB 雙通64G*2 DDR5 5600｝/CL46,55999,,"美光｛Micron Crucial NB 雙通64G*2 DDR5 5600｝/CL46, $55999 ◆ ★"
156,｛UMAX 8GB DDR4-2400｝(1024*8)CL17,1950,,"｛UMAX 8GB DDR4-2400｝(1024*8)CL17, $1950 ◆ ★"
157,｛UMAX 8GB DDR4-2666｝(1024*8)CL19,1980,,"｛UMAX 8GB DDR4-2666｝(1024*8)CL19, $1980 ◆ ★"
158,｛UMAX 8GB DDR4-3200｝(1024*8)超頻CL16,1990,,"｛UMAX 8GB DDR4-3200｝(1024*8)超頻CL16, $1990 ◆ ★"
159,｛UMAX 16GB DDR4-2400｝(1024*8)CL17,3500,,"｛UMAX 16GB DDR4-2400｝(1024*8)CL17, $3500 ◆ ★"
160,｛UMAX 16GB DDR4-2666｝(1024*8)CL19,3500,,"｛UMAX 16GB DDR4-2666｝(1024*8)CL19, $3500 ◆ ★"
161,｛UMAX 16GB DDR4-2666｝(2048*8)(CL19,3500,,"｛UMAX 16GB DDR4-2666｝(2048*8)(CL19, $3500 ◆ ★"
162,｛UMAX 16GB DDR4-3200｝(1024*8)超頻CL16,3600,,"｛UMAX 16GB DDR4-3200｝(1024*8)超頻CL16, $3600 ◆ ★"
163,｛UMAX 16GB DDR4-3200｝(2048*8)超頻CL16,3600,,"｛UMAX 16GB DDR4-3200｝(2048*8)超頻CL16, $3600 ◆ ★"
164,｛UMAX 16GB DDR4-3200｝(1024*8)CL22,3190,,"｛UMAX 16GB DDR4-3200｝(1024*8)CL22, $3190 ◆ ★"
165,｛UMAX 32GB DDR4-3200｝(2048*8)CL22,7800,,"｛UMAX 32GB DDR4-3200｝(2048*8)CL22, $7800 ◆ ★"
166,｛UMAX 32GB DDR4-3200｝(2048*8)超頻CL16,7800,,"｛UMAX 32GB DDR4-3200｝(2048*8)超頻CL16, $7800 ◆ ★"
167,威剛 8GB DDR4-3200｛AD4U320038G22-SGN｝(1024*8),2299,,"威剛 8GB DDR4-3200｛AD4U320038G22-SGN｝(1024*8), $2299 ◆ ★"
168,威剛 16GB DDR4-3200｛AD4U3200316G22-SGN｝(1024*8),4599,,"威剛 16GB DDR4-3200｛AD4U3200316G22-SGN｝(1024*8), $4599 ◆ ★"
169,威剛 16GB DDR4-3200/CL16 XPG D10超頻 黑｛AX4U3200316G16A-SB10｝(1024*8),4699,是,"威剛 16GB DDR4-3200/CL16 XPG D10超頻 黑｛AX4U3200316G16A-SB10｝(1024*8), $4699 ◆ ★ 熱賣"
170,威剛 32GB DDR4-3200｛AD4U3200732G22-SGN｝(2048*8),8999,是,"威剛 32GB DDR4-3200｛AD4U3200732G22-SGN｝(2048*8), $8999 ◆ ★ 熱賣"
171,金士頓 8GB DDR4-3200 FURY Beast(獸獵者)｛KF432C16BB/8｝(1024*8),3200,,"金士頓 8GB DDR4-3200 FURY Beast(獸獵者)｛KF432C16BB/8｝(1024*8), $3200 ◆ ★"
172,金士頓 8GB DDR4-3200 FURY Beast(獸獵者)｛KF432C16BB/8｝(1024*8)~搭機價~,2900,,"金士頓 8GB DDR4-3200 FURY Beast(獸獵者)｛KF432C16BB/8｝(1024*8)~搭機價~, $2900 ◆ ★"
173,金士頓 16GB DDR4-3200｛KVR32N22S8/16｝(2048*8),6150,,"金士頓 16GB DDR4-3200｛KVR32N22S8/16｝(2048*8), $6150 ◆ ★"
174,金士頓 16GB DDR4-3200 FURY Beast(獸獵者)｛KF432C16BB/16｝(2048*8),6150,,"金士頓 16GB DDR4-3200 FURY Beast(獸獵者)｛KF432C16BB/16｝(2048*8), $6150 ◆ ★"
175,金士頓 32GB DDR4-3200｛KVR32N22D8/32｝(2048*8),12000,,"金士頓 32GB DDR4-3200｛KVR32N22D8/32｝(2048*8), $12000 ◆ ★"
176,金士頓 32GB DDR4-3200 FURY Beast(獸獵者)｛KF432C16BB/32｝(2048*8),9450,是,"金士頓 32GB DDR4-3200 FURY Beast(獸獵者)｛KF432C16BB/32｝(2048*8), $9450 ◆ ★ 熱賣"
178,｛UMAX 32GB(雙通16GB*2) DDR4-2666｝含散熱片(1024*8)CL19,7300,,"｛UMAX 32GB(雙通16GB*2) DDR4-2666｝含散熱片(1024*8)CL19, $7300 ◆ ★"
179,｛UMAX 32GB(雙通16GB*2) DDR4-2666｝含散熱片(2048*8)CL19,7300,,"｛UMAX 32GB(雙通16GB*2) DDR4-2666｝含散熱片(2048*8)CL19, $7300 ◆ ★"
180,｛UMAX 32GB(雙通16GB*2) DDR4-3200｝超頻CL16含散熱片(1024*8)CL16,7500,是,"｛UMAX 32GB(雙通16GB*2) DDR4-3200｝超頻CL16含散熱片(1024*8)CL16, $7500 ◆ ★ 熱賣"
181,｛UMAX 32GB(雙通16GB*2) DDR4-3200｝超頻CL16含散熱片(2048*8)CL16,7500,,"｛UMAX 32GB(雙通16GB*2) DDR4-3200｝超頻CL16含散熱片(2048*8)CL16, $7500 ◆ ★"
182,｛UMAX 64GB(雙通32GB*2) DDR4-3200｝含散熱片(2048*8) CL22,17200,,"｛UMAX 64GB(雙通32GB*2) DDR4-3200｝含散熱片(2048*8) CL22, $17200 ◆ ★"
183,威剛 32GB(雙通16G*2) D4-3200/CL16 D10超頻 黑｛AX4U3200316G16A-DB10｝(1024*8),7700,,"威剛 32GB(雙通16G*2) D4-3200/CL16 D10超頻 黑｛AX4U3200316G16A-DB10｝(1024*8), $7700 ◆ ★"
184,威剛 32GB(雙通16G*2) D4-3200/CL16 D10超頻 黑｛AX4U3200716G16A-DB10｝(2048*8),7700,,"威剛 32GB(雙通16G*2) D4-3200/CL16 D10超頻 黑｛AX4U3200716G16A-DB10｝(2048*8), $7700 ◆ ★"
185,金士頓 16GB(雙通8GB*2) DDR4-3200 FURY Beast(獸獵)｛KF432C16BBK2/16｝,6600,,"金士頓 16GB(雙通8GB*2) DDR4-3200 FURY Beast(獸獵)｛KF432C16BBK2/16｝, $6600 ◆ ★"
186,金士頓 32GB(雙通16GB*2) DDR4-3200 (獸獵者)｛KF432C16BBK2/32｝(2048*8),9500,,"金士頓 32GB(雙通16GB*2) DDR4-3200 (獸獵者)｛KF432C16BBK2/32｝(2048*8), $9500 ◆ ★"
187,芝奇 G.SKILL Ripjaws V 32GB(雙通16GB*2) D4-3600 CL18 黑｛F4-3600C18D-32GVK｝,7500,,"芝奇 G.SKILL Ripjaws V 32GB(雙通16GB*2) D4-3600 CL18 黑｛F4-3600C18D-32GVK｝, $7500 ◆ ★"
188,芝奇 G.SKILL 幻光戟 16GB(雙通8GB*2) D4-3200 CL16 黑銀｛F4-3200C16D-16GTZR｝,4300,,"芝奇 G.SKILL 幻光戟 16GB(雙通8GB*2) D4-3200 CL16 黑銀｛F4-3200C16D-16GTZR｝, $4300 ◆ ★"
189,芝奇 G.SKILL 幻光戟 32GB(雙通16GB*2) D4-3200 CL16 黑銀｛F4-3200C16D-32GTZR｝,7900,,"芝奇 G.SKILL 幻光戟 32GB(雙通16GB*2) D4-3200 CL16 黑銀｛F4-3200C16D-32GTZR｝, $7900 ◆ ★"
190,芝奇 G.SKILL 幻光戟 32GB(雙通16GB*2) D4-3600 CL16 黑銀｛F4-3600C16D-32GTZRC｝,8500,,"芝奇 G.SKILL 幻光戟 32GB(雙通16GB*2) D4-3600 CL16 黑銀｛F4-3600C16D-32GTZRC｝, $8500 ◆ ★"
191,芝奇 G.SKILL 皇家戟 32GB(雙通16GB*2) D4-3200 CL16 銀｛F4-3200C16D-32GTRS｝,8500,,"芝奇 G.SKILL 皇家戟 32GB(雙通16GB*2) D4-3200 CL16 銀｛F4-3200C16D-32GTRS｝, $8500 ◆ ★"
192,芝奇 G.SKILL 焰光戟 32GB(雙通16GB*2) D4-3200｛F4-3200C16D-32GTZN｝[For AMD],7950,,"芝奇 G.SKILL 焰光戟 32GB(雙通16GB*2) D4-3200｛F4-3200C16D-32GTZN｝[For AMD], $7950 ◆ ★"
193,芝奇 G.SKILL 焰光戟 32GB(雙通16GB*2) D4-3600｛F4-3600C16D-32GTZNC｝[For AMD],8600,是,"芝奇 G.SKILL 焰光戟 32GB(雙通16GB*2) D4-3600｛F4-3600C16D-32GTZNC｝[For AMD], $8600 ◆ ★ 熱賣"
194,芝奇 G.SKILL 燄光戟 32GB(雙通16GB*2) D4-4000｛F4-4000C18D-32GTZN｝[FOR R5000],8700,,"芝奇 G.SKILL 燄光戟 32GB(雙通16GB*2) D4-4000｛F4-4000C18D-32GTZN｝[FOR R5000], $8700 ◆ ★"
196,｛UMAX NB 8GB DDR4-2666｝(1024*8),1999,,"｛UMAX NB 8GB DDR4-2666｝(1024*8), $1999 ◆ ★"
197,｛UMAX NB 8GB DDR4-3200｝(1024*8),1999,是,"｛UMAX NB 8GB DDR4-3200｝(1024*8), $1999 ◆ ★ 熱賣"
198,｛UMAX NB 16GB DDR4-2400｝(1024*8),3750,,"｛UMAX NB 16GB DDR4-2400｝(1024*8), $3750 ◆ ★"
199,｛UMAX NB 16GB DDR4-2666｝(1024*8),3750,,"｛UMAX NB 16GB DDR4-2666｝(1024*8), $3750 ◆ ★"
200,｛UMAX NB 16GB DDR4-3200｝(1024*8),3950,是,"｛UMAX NB 16GB DDR4-3200｝(1024*8), $3950 ◆ ★ 熱賣"
201,｛UMAX NB 32GB DDR4-3200｝(2048*8),8500,是,"｛UMAX NB 32GB DDR4-3200｝(2048*8), $8500 ◆ ★ 熱賣"
202,威剛 NB 8GB DDR4-3200｛AD4S320038G22-SGN｝(1024*8),2299,,"威剛 NB 8GB DDR4-3200｛AD4S320038G22-SGN｝(1024*8), $2299 ◆ ★"
203,威剛 NB 16GB DDR4-3200｛AD4S3200316G22-SGN｝(1024*8),4599,,"威剛 NB 16GB DDR4-3200｛AD4S3200316G22-SGN｝(1024*8), $4599 ◆ ★"
204,金士頓 NB 8GB DDR4-3200｛KVR32S22S8/8｝(1024*8),3300,,"金士頓 NB 8GB DDR4-3200｛KVR32S22S8/8｝(1024*8), $3300 ◆ ★"
205,金士頓 NB 16GB DDR4-3200｛KVR32S22S8/16｝(2048*8),6350,,"金士頓 NB 16GB DDR4-3200｛KVR32S22S8/16｝(2048*8), $6350 ◆ ★"
206,金士頓 NB 32GB DDR4-3200｛KVR32S22D8/32｝(2048*8),14000,,"金士頓 NB 32GB DDR4-3200｛KVR32S22D8/32｝(2048*8), $14000 ◆ ★"
208,｛UMAX 8GB DDR3-1600｝(512*8),679,,"｛UMAX 8GB DDR3-1600｝(512*8), $679 ◆ ★"
209,｛UMAX 16GB(雙通道8G*2)DDR3-1600｝含散熱片(512*8),1339,,"｛UMAX 16GB(雙通道8G*2)DDR3-1600｝含散熱片(512*8), $1339 ◆ ★"
211,｛UMAX NB 8GB DDR3L-1600｝低電壓(512*8),679,是,"｛UMAX NB 8GB DDR3L-1600｝低電壓(512*8), $679 ◆ ★ 熱賣"
212,金士頓 NB 8GB DDR3L-1600 低電壓｛KVR16LS11/8｝(512*8),1600,,"金士頓 NB 8GB DDR3L-1600 低電壓｛KVR16LS11/8｝(512*8), $1600 ◆ ★"
214,金士頓32GB 5600MT/s D5 ECC CL46 DIMM 2Rx8 Hynix A｛KSM56E46BD8KM/32HA｝,29900,,"金士頓32GB 5600MT/s D5 ECC CL46 DIMM 2Rx8 Hynix A｛KSM56E46BD8KM/32HA｝, $29900 ◆ ★"
216,金士頓16G 5600MT/s D5 ECC Reg CL46 DIMM 1R*8 Hynix A Rambus｛KSM56R46BS8/16HA｝,17500,,"金士頓16G 5600MT/s D5 ECC Reg CL46 DIMM 1R*8 Hynix A Rambus｛KSM56R46BS8/16HA｝, $17500 ◆ ★"
217,金士頓32G 5600MT/s D5 ECC Reg CL46 DIMM 2R*8 Hynix A Rambus｛KSM56R46BD8/32HA｝,34500,,"金士頓32G 5600MT/s D5 ECC Reg CL46 DIMM 2R*8 Hynix A Rambus｛KSM56R46BD8/32HA｝, $34500 ◆ ★"
218,金士頓64G 5600MT/s D5 ECC Reg CL46 DIMM 2R*4 Hynix A Rambus｛KSM56R46BD4/64HA｝~限組裝,81000,,"金士頓64G 5600MT/s D5 ECC Reg CL46 DIMM 2R*4 Hynix A Rambus｛KSM56R46BD4/64HA｝~限組裝, $81000 ◆ ★"
219,金士頓96G 6400MT/s D5 ECC Reg CL52 DIMM 2R*4 Micron C｛KSM64R52BD4/96MC｝,125000,,"金士頓96G 6400MT/s D5 ECC Reg CL52 DIMM 2R*4 Micron C｛KSM64R52BD4/96MC｝, $125000 ◆ ★"
220,威剛32G 5600MT/s D5 ECC Reg CL46 DIMM 2R*8 Hynix A die｛AD5R560032G20-SHYA｝,33999,,"威剛32G 5600MT/s D5 ECC Reg CL46 DIMM 2R*8 Hynix A die｛AD5R560032G20-SHYA｝, $33999"
221,威剛64G 5600MT/s D5 ECC Reg CL46 DIMM 2R*4 Hynix A die｛AD5R560064G40-SHYA｝,81999,,"威剛64G 5600MT/s D5 ECC Reg CL46 DIMM 2R*4 Hynix A die｛AD5R560064G40-SHYA｝, $81999"
223,金士頓32GB 3200MHz D4 ECC Reg CL22 DIMM 2R*8 Hynix C Rambus｛KSM32RD8/32HD｝,15200,,"金士頓32GB 3200MHz D4 ECC Reg CL22 DIMM 2R*8 Hynix C Rambus｛KSM32RD8/32HD｝, $15200 ◆ ★"
224,金士頓64GB 3200MHz D4 ECC Reg CL22 DIMM 2R*4 Hynix C Rambus｛KSM32RD4/64HCR｝,22900,,"金士頓64GB 3200MHz D4 ECC Reg CL22 DIMM 2R*4 Hynix C Rambus｛KSM32RD4/64HCR｝, $22900 ◆ ★"
